parameter,region,before,proposed,multiplier,change_percent,reason
demo_asia_age_neg40000_neg36000,asia,0.11448,0.11448,1,0,unchanged
demo_asia_age_neg36000_neg32000,asia,0.074370660332,0.075114366935,1.0099999999956972279313982197653724067783768619181,0.9999999995697227931398219765372406778376861918100,proportional redistribution
demo_asia_age_neg32000_neg28000,asia,0.085931979163,0.086791298955,1.0100000000043057311562458700215890895109139568370,1.0000000004305731156245870021589089510913956837000,proportional redistribution
demo_asia_age_neg28000_neg24000,asia,0.089102624883,0.089993651130,1.0099999999794618845134701754081432564164384719387,0.9999999979461884513470175408143256416438471938700,proportional redistribution
demo_asia_age_neg24000_neg20000,asia,0.080911186756,0.081720298624,1.0100000000054380613811398784323622682422937813422,1.0000000005438061381139878432362268242293781342200,proportional redistribution
demo_asia_age_neg20000_neg16000,asia,0.07259051055,0.073316415656,1.0100000000068879526567815274857575719310049679765,1.0000000006887952656781527485757571931004967976500,proportional redistribution
demo_asia_age_neg16000_neg12000,asia,0.068980481563,0.069670286379,1.0100000000053638361405476464113330127463088264610,1.0000000005363836140547646411333012746308826461000,proportional redistribution
demo_asia_age_neg12000_neg8000,asia,0.056951752861,0.057521270390,1.0100000000068479016080832195546916267547047431341,1.0000000006847901608083219554691626754704743134100,proportional redistribution
demo_asia_age_neg8000_neg4000,asia,0.043560803892,0.043996411931,1.0100000000018365133985668273488528208449987436242,1.0000000001836513398566827348852820844998743624200,proportional redistribution
demo_asia_age_neg4000_0,asia,0.02862,0.0228960,0.80,-20.00,older-cohort reduction
demo_asia_age_0_4000,asia,0.02332,0.02332,1,0,unchanged
demo_asia_age_4000_8000,asia,0.02014,0.02014,1,0,unchanged
demo_asia_age_8000_12000,asia,0.01696,0.01696,1,0,unchanged
demo_asia_age_12000_16000,asia,0.01378,0.01378,1,0,unchanged
demo_asia_age_16000_20000,asia,0.00954,0.00954,1,0,unchanged
demo_asia_age_20000_24000,asia,0.00636,0.00636,1,0,unchanged
demo_asia_age_24000_28000,asia,0.00318,0.00318,1,0,unchanged
demo_asia_age_28000_32000,asia,0.00106,0.00106,1,0,unchanged
demo_africa_age_neg40000_neg36000,africa,0.03465,0.03465,1,0,unchanged
demo_africa_age_neg36000_neg32000,africa,0.045435858454,0.046096263371,1.0145348836683388440595567667493200611686191164134,1.4534883668338844059556766749320061168619116413400,proportional redistribution
demo_africa_age_neg32000_neg28000,africa,0.039604893297,0.040180545816,1.0145348837246736036825535598917434952330809709743,1.4534883724673603682553559891743495233080970974300,proportional redistribution
demo_africa_age_neg28000_neg24000,africa,0.027194119065,0.027589382424,1.0145348837392096635655441482858713077418821693315,1.4534883739209663565544148285871307741882169331500,proportional redistribution
demo_africa_age_neg24000_neg20000,africa,0.02341795761,0.023758334901,1.0145348837276334962158982232439014138261564647183,1.4534883727633496215898223243901413826156464718300,proportional redistribution
demo_africa_age_neg20000_neg16000,africa,0.018376562187,0.018643663382,1.0145348837438676908061878940817582639620623617788,1.4534883743867690806187894081758263962062361778800,proportional redistribution
demo_africa_age_neg16000_neg12000,africa,0.009518262017,0.009656608849,1.0145348837584957186622487154421439373578446427422,1.4534883758495718662248715442143937357844642742200,proportional redistribution
demo_africa_age_neg12000_neg8000,africa,0.00814781789,0.008266245476,1.0145348837687387242279171755028020146385475976808,1.4534883768738724227917175502802014638547597680800,proportional redistribution
demo_africa_age_neg8000_neg4000,africa,0.00890452948,0.009033955781,1.0145348837679405380552460139645694114766409869868,1.4534883767940538055246013964569411476640986986800,proportional redistribution
demo_africa_age_neg4000_0,africa,0.0105,0.007875,0.75,-25.00,older-cohort reduction
demo_africa_age_0_4000,africa,0.00945,0.00945,1,0,unchanged
demo_africa_age_4000_8000,africa,0.00735,0.00735,1,0,unchanged
demo_africa_age_8000_12000,africa,0.00525,0.00525,1,0,unchanged
demo_africa_age_12000_16000,africa,0.0042,0.0042,1,0,unchanged
demo_africa_age_16000_20000,africa,0.0021,0.0021,1,0,unchanged
demo_africa_age_20000_24000,africa,0.00105,0.00105,1,0,unchanged
demo_africa_age_24000_28000,africa,0.00105,0.00105,1,0,unchanged
demo_africa_age_28000_32000,africa,0.00105,0.00105,1,0,unchanged
demo_europe_age_neg40000_neg36000,europe,0.0148,0.0148,1,0,unchanged
demo_europe_age_neg36000_neg32000,europe,0.007395893802,0.007456960815,1.0082568807279907451542933877297444731481286350683,0.8256880727990745154293387729744473148128635068300,proportional redistribution
demo_europe_age_neg32000_neg28000,europe,0.008863380141,0.008936564014,1.0082568807651008771056613084513758304795696339749,0.8256880765100877105661308451375830479569633974900,proportional redistribution
demo_europe_age_neg28000_neg24000,europe,0.010467835703,0.010554267374,1.0082568807394664551127412741739704777252176939331,0.8256880739466455112741274173970477725217693933100,proportional redistribution
demo_europe_age_neg24000_neg20000,europe,0.010250036664,0.010334669994,1.0082568807092415294018113182429100431167004067606,0.8256880709241529401811318242910043116700406760600,proportional redistribution
demo_europe_age_neg20000_neg16000,europe,0.010270755938,0.010355560345,1.0082568807507379794190179110456046745563315711611,0.8256880750737979419017911045604674556331571161100,proportional redistribution
demo_europe_age_neg16000_neg12000,europe,0.012205293722,0.012306071377,1.0082568807679202855319863149459730797947608785944,0.8256880767920285531986314945973079794760878594400,proportional redistribution
demo_europe_age_neg12000_neg8000,europe,0.011394565728,0.011488649298,1.0082568807136552242634095058686206737724651615613,0.8256880713655224263409505868620673772465161561300,proportional redistribution
demo_europe_age_neg8000_neg4000,europe,0.009812238302,0.009893256783,1.0082568806939275250390265134431098124791547689014,0.8256880693927525039026513443109812479154768901400,proportional redistribution
demo_europe_age_neg4000_0,europe,0.00666,0.0059940,0.90,-10.00,older-cohort reduction
demo_europe_age_0_4000,europe,0.00592,0.00592,1,0,unchanged
demo_europe_age_4000_8000,europe,0.00518,0.00518,1,0,unchanged
demo_europe_age_8000_12000,europe,0.00444,0.00444,1,0,unchanged
demo_europe_age_12000_16000,europe,0.0037,0.0037,1,0,unchanged
demo_europe_age_16000_20000,europe,0.00296,0.00296,1,0,unchanged
demo_europe_age_20000_24000,europe,0.00222,0.00222,1,0,unchanged
demo_europe_age_24000_28000,europe,0.00148,0.00148,1,0,unchanged
demo_europe_age_28000_32000,europe,0.00148,0.00148,1,0,unchanged
demo_north_america_age_neg40000_neg36000,north_america,0.01308,0.01308,1,0,unchanged
demo_north_america_age_neg36000_neg32000,north_america,0.00809004926,0.008150724629,1.0074999999443761112525042894485416272978293336127,0.7499999944376111252504289448541627297829333612700,proportional redistribution
demo_north_america_age_neg32000_neg28000,north_america,0.009088775655,0.009156941472,1.0074999999546143489884611966472837314191577985429,0.7499999954614348988461196647283731419157798542900,proportional redistribution
demo_north_america_age_neg28000_neg24000,north_america,0.009888471225,0.009962634760,1.0075000000821663917012611825646486623618606929809,0.7500000082166391701261182564648662361860692980900,proportional redistribution
demo_north_america_age_neg24000_neg20000,north_america,0.00909077531,0.009158956125,1.0075000000192502832852437973191969695706845052361,0.7500000019250283285243797319196969570684505236100,proportional redistribution
demo_north_america_age_neg20000_neg16000,north_america,0.008351424886,0.008414060573,1.0075000000425077163293545306994215358138347746375,0.7500000042507716329354530699421535813834774637500,proportional redistribution
demo_north_america_age_neg16000_neg12000,north_america,0.008535543324,0.008599559899,1.0075000000082010010778313284559224387108271679601,0.7500000008201001077831328455922438710827167960100,proportional redistribution
demo_north_america_age_neg12000_neg8000,north_america,0.007054545627,0.007107454719,1.0074999999712951037944998466731158616121032283742,0.7499999971295103794499846673115861612103228374200,proportional redistribution
demo_north_america_age_neg8000_neg4000,north_america,0.005300414713,0.005340167823,1.0074999999344390922567420622130478189245038419317,0.7499999934439092256742062213047818924503841931700,proportional redistribution
demo_north_america_age_neg4000_0,north_america,0.00327,0.0027795,0.85,-15.00,older-cohort reduction
demo_north_america_age_0_4000,north_america,0.00327,0.00327,1,0,unchanged
demo_north_america_age_4000_8000,north_america,0.00327,0.00327,1,0,unchanged
demo_north_america_age_8000_12000,north_america,0.00218,0.00218,1,0,unchanged
demo_north_america_age_12000_16000,north_america,0.00218,0.00218,1,0,unchanged
demo_north_america_age_16000_20000,north_america,0.00218,0.00218,1,0,unchanged
demo_north_america_age_20000_24000,north_america,0.00218,0.00218,1,0,unchanged
demo_north_america_age_24000_28000,north_america,0.00109,0.00109,1,0,unchanged
demo_north_america_age_28000_32000,north_america,0.00109,0.00109,1,0,unchanged
demo_south_america_age_neg40000_neg36000,south_america,0.0107,0.0107,1,0,unchanged
demo_south_america_age_neg36000_neg32000,south_america,0.006165260494,0.006205468715,1.0065217391931988007902006419260311630881107097630,0.6521739193198800790200641926031163088110709763000,proportional redistribution
demo_south_america_age_neg32000_neg28000,south_america,0.006926705035,0.006971879198,1.0065217390912041341168499749751506489549832548918,0.6521739091204134116849974975150648954983254891800,proportional redistribution
demo_south_america_age_neg28000_neg24000,south_america,0.00823363396,0.008287331573,1.0065217391568376206998640974318950656873748125670,0.6521739156837620699864097431895065687374812567000,proportional redistribution
demo_south_america_age_neg24000_neg20000,south_america,0.007283119662,0.007330618268,1.0065217390629768290631169366059497266021990014641,0.6521739062976829063116936605949726602199001464100,proportional redistribution
demo_south_america_age_neg20000_neg16000,south_america,0.006144249206,0.006184320396,1.0065217390533036266953785402824691352533658935057,0.6521739053303626695378540282469135253365893505700,proportional redistribution
demo_south_america_age_neg16000_neg12000,south_america,0.005319657549,0.005354350968,1.0065217391684398442468237159827748152665907630213,0.6521739168439844246823715982774815266590763021300,proportional redistribution
demo_south_america_age_neg12000_neg8000,south_america,0.005356282871,0.005391215151,1.0065217392063310242600516308691419744101113960753,0.6521739206331024260051630869141974410111396075300,proportional redistribution
demo_south_america_age_neg8000_neg4000,south_america,0.003791091223,0.003815815731,1.0065217391367424766396870213217763027170501826777,0.6521739136742476639687021321776302717050182677700,proportional redistribution
demo_south_america_age_neg4000_0,south_america,0.00214,0.0018190,0.85,-15.00,older-cohort reduction
demo_south_america_age_0_4000,south_america,0.00214,0.00214,1,0,unchanged
demo_south_america_age_4000_8000,south_america,0.00214,0.00214,1,0,unchanged
demo_south_america_age_8000_12000,south_america,0.00107,0.00107,1,0,unchanged
demo_south_america_age_12000_16000,south_america,0.00107,0.00107,1,0,unchanged
demo_south_america_age_16000_20000,south_america,0.00107,0.00107,1,0,unchanged
demo_south_america_age_20000_24000,south_america,0.00107,0.00107,1,0,unchanged
demo_south_america_age_24000_28000,south_america,0.00107,0.00107,1,0,unchanged
demo_south_america_age_28000_32000,south_america,0.00107,0.00107,1,0,unchanged
demo_oceania_age_neg40000_neg36000,oceania,0.00088,0.00088,1,0,unchanged
demo_oceania_age_neg36000_neg32000,oceania,0.000691816416,0.000696533346,1.0068181816604941620812883399401727986749594562960,0.6818181660494162081288339940172798674959456296000,proportional redistribution
demo_oceania_age_neg32000_neg28000,oceania,0.000701919921,0.000706705739,1.0068181823265278148445654386834249714932937485329,0.6818182326527814844565438683424971493293748532900,proportional redistribution
demo_oceania_age_neg28000_neg24000,oceania,0.000655247416,0.000659715012,1.0068181817904337985210765028030266967126811225761,0.6818181790433798521076502803026696712681122576100,proportional redistribution
demo_oceania_age_neg24000_neg20000,oceania,0.00065010321,0.000654535732,1.0068181819929792378659382407910276277515996267731,0.6818181992979237865938240791027627751599626773100,proportional redistribution
demo_oceania_age_neg20000_neg16000,oceania,0.00066591048,0.000670450779,1.0068181822277372778395077969038721240728934015275,0.6818182227737277839507796903872124072893401527500,proportional redistribution
demo_oceania_age_neg16000_neg12000,oceania,0.000488928877,0.000492262483,1.0068181818600172392762966217681595435812231642845,0.6818181860017239276296621768159543581223164284500,proportional redistribution
demo_oceania_age_neg12000_neg8000,oceania,0.000496874751,0.000500262533,1.0068181810268721020199313770322774964268611024672,0.6818181026872102019931377032277496426861102467200,proportional redistribution
demo_oceania_age_neg8000_neg4000,oceania,0.000489198929,0.000492534376,1.0068181813210797115216088300144254812953607263519,0.6818181321079711521608830014425481295360726351900,proportional redistribution
demo_oceania_age_neg4000_0,oceania,0.00022,0.0001870,0.85,-15.00,older-cohort reduction
demo_oceania_age_0_4000,oceania,0.00044,0.00044,1,0,unchanged
demo_oceania_age_4000_8000,oceania,0.00044,0.00044,1,0,unchanged
demo_oceania_age_8000_12000,oceania,0.00044,0.00044,1,0,unchanged
demo_oceania_age_12000_16000,oceania,0.00022,0.00022,1,0,unchanged
demo_oceania_age_16000_20000,oceania,0.00022,0.00022,1,0,unchanged
demo_oceania_age_20000_24000,oceania,0.00022,0.00022,1,0,unchanged
demo_oceania_age_24000_28000,oceania,0.00022,0.00022,1,0,unchanged
demo_oceania_age_28000_32000,oceania,0.00022,0.00022,1,0,unchanged
