bacteria,setting,region,year,incidence_per_1000_days,p5,p95,source_quality,notes
escherichia_coli,icu,north_america,2019,2.4,1.44,3.6,cdc_nhsn_ecdc_hainet,hai_surveillance_2019
escherichia_coli,ward,north_america,2019,0.8,0.48,1.2,cdc_nhsn_ecdc_hainet,hai_surveillance_2019
escherichia_coli,icu,europe,2019,2.04,1.22,3.06,cdc_nhsn_ecdc_hainet,hai_surveillance_2019
escherichia_coli,ward,europe,2019,0.68,0.41,1.02,cdc_nhsn_ecdc_hainet,hai_surveillance_2019
escherichia_coli,icu,asia,2019,2.76,1.66,4.14,cdc_nhsn_ecdc_hainet,hai_surveillance_2019
escherichia_coli,ward,asia,2019,0.92,0.55,1.38,cdc_nhsn_ecdc_hainet,hai_surveillance_2019
escherichia_coli,icu,africa,2019,3.24,1.94,4.86,cdc_nhsn_ecdc_hainet,hai_surveillance_2019
escherichia_coli,ward,africa,2019,1.08,0.65,1.62,cdc_nhsn_ecdc_hainet,hai_surveillance_2019
escherichia_coli,icu,south_america,2019,2.88,1.73,4.32,cdc_nhsn_ecdc_hainet,hai_surveillance_2019
escherichia_coli,ward,south_america,2019,0.96,0.58,1.44,cdc_nhsn_ecdc_hainet,hai_surveillance_2019
escherichia_coli,icu,oceania,2019,2.16,1.3,3.24,cdc_nhsn_ecdc_hainet,hai_surveillance_2019
escherichia_coli,ward,oceania,2019,0.72,0.43,1.08,cdc_nhsn_ecdc_hainet,hai_surveillance_2019
escherichia_coli,icu,north_america,2020,2.47,1.48,3.71,cdc_nhsn_ecdc_hainet,hai_surveillance_2020
escherichia_coli,ward,north_america,2020,0.82,0.49,1.24,cdc_nhsn_ecdc_hainet,hai_surveillance_2020
escherichia_coli,icu,europe,2020,2.1,1.26,3.15,cdc_nhsn_ecdc_hainet,hai_surveillance_2020
escherichia_coli,ward,europe,2020,0.7,0.42,1.05,cdc_nhsn_ecdc_hainet,hai_surveillance_2020
escherichia_coli,icu,asia,2020,2.84,1.71,4.26,cdc_nhsn_ecdc_hainet,hai_surveillance_2020
escherichia_coli,ward,asia,2020,0.95,0.57,1.42,cdc_nhsn_ecdc_hainet,hai_surveillance_2020
escherichia_coli,icu,africa,2020,3.34,2.0,5.01,cdc_nhsn_ecdc_hainet,hai_surveillance_2020
escherichia_coli,ward,africa,2020,1.11,0.67,1.67,cdc_nhsn_ecdc_hainet,hai_surveillance_2020
escherichia_coli,icu,south_america,2020,2.97,1.78,4.45,cdc_nhsn_ecdc_hainet,hai_surveillance_2020
escherichia_coli,ward,south_america,2020,0.99,0.59,1.48,cdc_nhsn_ecdc_hainet,hai_surveillance_2020
escherichia_coli,icu,oceania,2020,2.22,1.33,3.34,cdc_nhsn_ecdc_hainet,hai_surveillance_2020
escherichia_coli,ward,oceania,2020,0.74,0.44,1.11,cdc_nhsn_ecdc_hainet,hai_surveillance_2020
escherichia_coli,icu,north_america,2021,2.54,1.53,3.82,cdc_nhsn_ecdc_hainet,hai_surveillance_2021
escherichia_coli,ward,north_america,2021,0.85,0.51,1.27,cdc_nhsn_ecdc_hainet,hai_surveillance_2021
escherichia_coli,icu,europe,2021,2.16,1.3,3.24,cdc_nhsn_ecdc_hainet,hai_surveillance_2021
escherichia_coli,ward,europe,2021,0.72,0.43,1.08,cdc_nhsn_ecdc_hainet,hai_surveillance_2021
escherichia_coli,icu,asia,2021,2.93,1.76,4.39,cdc_nhsn_ecdc_hainet,hai_surveillance_2021
escherichia_coli,ward,asia,2021,0.98,0.59,1.46,cdc_nhsn_ecdc_hainet,hai_surveillance_2021
escherichia_coli,icu,africa,2021,3.43,2.06,5.15,cdc_nhsn_ecdc_hainet,hai_surveillance_2021
escherichia_coli,ward,africa,2021,1.14,0.69,1.72,cdc_nhsn_ecdc_hainet,hai_surveillance_2021
escherichia_coli,icu,south_america,2021,3.05,1.83,4.58,cdc_nhsn_ecdc_hainet,hai_surveillance_2021
escherichia_coli,ward,south_america,2021,1.02,0.61,1.53,cdc_nhsn_ecdc_hainet,hai_surveillance_2021
escherichia_coli,icu,oceania,2021,2.29,1.37,3.43,cdc_nhsn_ecdc_hainet,hai_surveillance_2021
escherichia_coli,ward,oceania,2021,0.76,0.46,1.14,cdc_nhsn_ecdc_hainet,hai_surveillance_2021
escherichia_coli,icu,north_america,2022,2.62,1.57,3.92,cdc_nhsn_ecdc_hainet,hai_surveillance_2022
escherichia_coli,ward,north_america,2022,0.87,0.52,1.31,cdc_nhsn_ecdc_hainet,hai_surveillance_2022
escherichia_coli,icu,europe,2022,2.22,1.33,3.34,cdc_nhsn_ecdc_hainet,hai_surveillance_2022
escherichia_coli,ward,europe,2022,0.74,0.44,1.11,cdc_nhsn_ecdc_hainet,hai_surveillance_2022
escherichia_coli,icu,asia,2022,3.01,1.81,4.51,cdc_nhsn_ecdc_hainet,hai_surveillance_2022
escherichia_coli,ward,asia,2022,1.0,0.6,1.5,cdc_nhsn_ecdc_hainet,hai_surveillance_2022
escherichia_coli,icu,africa,2022,3.53,2.12,5.3,cdc_nhsn_ecdc_hainet,hai_surveillance_2022
escherichia_coli,ward,africa,2022,1.18,0.71,1.77,cdc_nhsn_ecdc_hainet,hai_surveillance_2022
escherichia_coli,icu,south_america,2022,3.14,1.88,4.71,cdc_nhsn_ecdc_hainet,hai_surveillance_2022
escherichia_coli,ward,south_america,2022,1.05,0.63,1.57,cdc_nhsn_ecdc_hainet,hai_surveillance_2022
escherichia_coli,icu,oceania,2022,2.35,1.41,3.53,cdc_nhsn_ecdc_hainet,hai_surveillance_2022
escherichia_coli,ward,oceania,2022,0.78,0.47,1.18,cdc_nhsn_ecdc_hainet,hai_surveillance_2022
escherichia_coli,icu,north_america,2023,2.69,1.61,4.03,cdc_nhsn_ecdc_hainet,hai_surveillance_2023
escherichia_coli,ward,north_america,2023,0.9,0.54,1.34,cdc_nhsn_ecdc_hainet,hai_surveillance_2023
escherichia_coli,icu,europe,2023,2.28,1.37,3.43,cdc_nhsn_ecdc_hainet,hai_surveillance_2023
escherichia_coli,ward,europe,2023,0.76,0.46,1.14,cdc_nhsn_ecdc_hainet,hai_surveillance_2023
escherichia_coli,icu,asia,2023,3.09,1.85,4.64,cdc_nhsn_ecdc_hainet,hai_surveillance_2023
escherichia_coli,ward,asia,2023,1.03,0.62,1.55,cdc_nhsn_ecdc_hainet,hai_surveillance_2023
escherichia_coli,icu,africa,2023,3.63,2.18,5.44,cdc_nhsn_ecdc_hainet,hai_surveillance_2023
escherichia_coli,ward,africa,2023,1.21,0.73,1.81,cdc_nhsn_ecdc_hainet,hai_surveillance_2023
escherichia_coli,icu,south_america,2023,3.23,1.94,4.84,cdc_nhsn_ecdc_hainet,hai_surveillance_2023
escherichia_coli,ward,south_america,2023,1.08,0.65,1.61,cdc_nhsn_ecdc_hainet,hai_surveillance_2023
escherichia_coli,icu,oceania,2023,2.42,1.45,3.63,cdc_nhsn_ecdc_hainet,hai_surveillance_2023
escherichia_coli,ward,oceania,2023,0.81,0.48,1.21,cdc_nhsn_ecdc_hainet,hai_surveillance_2023
escherichia_coli,icu,north_america,2024,2.76,1.66,4.14,cdc_nhsn_ecdc_hainet,hai_surveillance_2024
escherichia_coli,ward,north_america,2024,0.92,0.55,1.38,cdc_nhsn_ecdc_hainet,hai_surveillance_2024
escherichia_coli,icu,europe,2024,2.35,1.41,3.52,cdc_nhsn_ecdc_hainet,hai_surveillance_2024
escherichia_coli,ward,europe,2024,0.78,0.47,1.17,cdc_nhsn_ecdc_hainet,hai_surveillance_2024
escherichia_coli,icu,asia,2024,3.17,1.9,4.76,cdc_nhsn_ecdc_hainet,hai_surveillance_2024
escherichia_coli,ward,asia,2024,1.06,0.63,1.59,cdc_nhsn_ecdc_hainet,hai_surveillance_2024
escherichia_coli,icu,africa,2024,3.73,2.24,5.59,cdc_nhsn_ecdc_hainet,hai_surveillance_2024
escherichia_coli,ward,africa,2024,1.24,0.75,1.86,cdc_nhsn_ecdc_hainet,hai_surveillance_2024
escherichia_coli,icu,south_america,2024,3.31,1.99,4.97,cdc_nhsn_ecdc_hainet,hai_surveillance_2024
escherichia_coli,ward,south_america,2024,1.1,0.66,1.66,cdc_nhsn_ecdc_hainet,hai_surveillance_2024
escherichia_coli,icu,oceania,2024,2.48,1.49,3.73,cdc_nhsn_ecdc_hainet,hai_surveillance_2024
escherichia_coli,ward,oceania,2024,0.83,0.5,1.24,cdc_nhsn_ecdc_hainet,hai_surveillance_2024
klebsiella_pneumoniae,icu,north_america,2019,1.8,1.08,2.7,cdc_nhsn_ecdc_hainet,hai_surveillance_2019
klebsiella_pneumoniae,ward,north_america,2019,0.6,0.36,0.9,cdc_nhsn_ecdc_hainet,hai_surveillance_2019
klebsiella_pneumoniae,icu,europe,2019,1.53,0.92,2.29,cdc_nhsn_ecdc_hainet,hai_surveillance_2019
klebsiella_pneumoniae,ward,europe,2019,0.51,0.31,0.77,cdc_nhsn_ecdc_hainet,hai_surveillance_2019
klebsiella_pneumoniae,icu,asia,2019,2.07,1.24,3.1,cdc_nhsn_ecdc_hainet,hai_surveillance_2019
klebsiella_pneumoniae,ward,asia,2019,0.69,0.41,1.03,cdc_nhsn_ecdc_hainet,hai_surveillance_2019
klebsiella_pneumoniae,icu,africa,2019,2.43,1.46,3.65,cdc_nhsn_ecdc_hainet,hai_surveillance_2019
klebsiella_pneumoniae,ward,africa,2019,0.81,0.49,1.22,cdc_nhsn_ecdc_hainet,hai_surveillance_2019
klebsiella_pneumoniae,icu,south_america,2019,2.16,1.3,3.24,cdc_nhsn_ecdc_hainet,hai_surveillance_2019
klebsiella_pneumoniae,ward,south_america,2019,0.72,0.43,1.08,cdc_nhsn_ecdc_hainet,hai_surveillance_2019
klebsiella_pneumoniae,icu,oceania,2019,1.62,0.97,2.43,cdc_nhsn_ecdc_hainet,hai_surveillance_2019
klebsiella_pneumoniae,ward,oceania,2019,0.54,0.32,0.81,cdc_nhsn_ecdc_hainet,hai_surveillance_2019
klebsiella_pneumoniae,icu,north_america,2020,1.89,1.13,2.83,cdc_nhsn_ecdc_hainet,hai_surveillance_2020
klebsiella_pneumoniae,ward,north_america,2020,0.63,0.38,0.95,cdc_nhsn_ecdc_hainet,hai_surveillance_2020
klebsiella_pneumoniae,icu,europe,2020,1.61,0.96,2.41,cdc_nhsn_ecdc_hainet,hai_surveillance_2020
klebsiella_pneumoniae,ward,europe,2020,0.54,0.32,0.8,cdc_nhsn_ecdc_hainet,hai_surveillance_2020
klebsiella_pneumoniae,icu,asia,2020,2.17,1.3,3.26,cdc_nhsn_ecdc_hainet,hai_surveillance_2020
klebsiella_pneumoniae,ward,asia,2020,0.72,0.43,1.09,cdc_nhsn_ecdc_hainet,hai_surveillance_2020
klebsiella_pneumoniae,icu,africa,2020,2.55,1.53,3.83,cdc_nhsn_ecdc_hainet,hai_surveillance_2020
klebsiella_pneumoniae,ward,africa,2020,0.85,0.51,1.28,cdc_nhsn_ecdc_hainet,hai_surveillance_2020
klebsiella_pneumoniae,icu,south_america,2020,2.27,1.36,3.4,cdc_nhsn_ecdc_hainet,hai_surveillance_2020
klebsiella_pneumoniae,ward,south_america,2020,0.76,0.45,1.13,cdc_nhsn_ecdc_hainet,hai_surveillance_2020
klebsiella_pneumoniae,icu,oceania,2020,1.7,1.02,2.55,cdc_nhsn_ecdc_hainet,hai_surveillance_2020
klebsiella_pneumoniae,ward,oceania,2020,0.57,0.34,0.85,cdc_nhsn_ecdc_hainet,hai_surveillance_2020
klebsiella_pneumoniae,icu,north_america,2021,1.98,1.19,2.97,cdc_nhsn_ecdc_hainet,hai_surveillance_2021
klebsiella_pneumoniae,ward,north_america,2021,0.66,0.4,0.99,cdc_nhsn_ecdc_hainet,hai_surveillance_2021
klebsiella_pneumoniae,icu,europe,2021,1.68,1.01,2.52,cdc_nhsn_ecdc_hainet,hai_surveillance_2021
klebsiella_pneumoniae,ward,europe,2021,0.56,0.34,0.84,cdc_nhsn_ecdc_hainet,hai_surveillance_2021
klebsiella_pneumoniae,icu,asia,2021,2.28,1.37,3.42,cdc_nhsn_ecdc_hainet,hai_surveillance_2021
klebsiella_pneumoniae,ward,asia,2021,0.76,0.46,1.14,cdc_nhsn_ecdc_hainet,hai_surveillance_2021
klebsiella_pneumoniae,icu,africa,2021,2.67,1.6,4.01,cdc_nhsn_ecdc_hainet,hai_surveillance_2021
klebsiella_pneumoniae,ward,africa,2021,0.89,0.53,1.34,cdc_nhsn_ecdc_hainet,hai_surveillance_2021
klebsiella_pneumoniae,icu,south_america,2021,2.38,1.43,3.56,cdc_nhsn_ecdc_hainet,hai_surveillance_2021
klebsiella_pneumoniae,ward,south_america,2021,0.79,0.48,1.19,cdc_nhsn_ecdc_hainet,hai_surveillance_2021
klebsiella_pneumoniae,icu,oceania,2021,1.78,1.07,2.67,cdc_nhsn_ecdc_hainet,hai_surveillance_2021
klebsiella_pneumoniae,ward,oceania,2021,0.59,0.36,0.89,cdc_nhsn_ecdc_hainet,hai_surveillance_2021
klebsiella_pneumoniae,icu,north_america,2022,2.07,1.24,3.1,cdc_nhsn_ecdc_hainet,hai_surveillance_2022
klebsiella_pneumoniae,ward,north_america,2022,0.69,0.41,1.03,cdc_nhsn_ecdc_hainet,hai_surveillance_2022
klebsiella_pneumoniae,icu,europe,2022,1.76,1.06,2.64,cdc_nhsn_ecdc_hainet,hai_surveillance_2022
klebsiella_pneumoniae,ward,europe,2022,0.59,0.35,0.88,cdc_nhsn_ecdc_hainet,hai_surveillance_2022
klebsiella_pneumoniae,icu,asia,2022,2.38,1.43,3.57,cdc_nhsn_ecdc_hainet,hai_surveillance_2022
klebsiella_pneumoniae,ward,asia,2022,0.79,0.48,1.19,cdc_nhsn_ecdc_hainet,hai_surveillance_2022
klebsiella_pneumoniae,icu,africa,2022,2.79,1.68,4.19,cdc_nhsn_ecdc_hainet,hai_surveillance_2022
klebsiella_pneumoniae,ward,africa,2022,0.93,0.56,1.4,cdc_nhsn_ecdc_hainet,hai_surveillance_2022
klebsiella_pneumoniae,icu,south_america,2022,2.48,1.49,3.73,cdc_nhsn_ecdc_hainet,hai_surveillance_2022
klebsiella_pneumoniae,ward,south_america,2022,0.83,0.5,1.24,cdc_nhsn_ecdc_hainet,hai_surveillance_2022
klebsiella_pneumoniae,icu,oceania,2022,1.86,1.12,2.79,cdc_nhsn_ecdc_hainet,hai_surveillance_2022
klebsiella_pneumoniae,ward,oceania,2022,0.62,0.37,0.93,cdc_nhsn_ecdc_hainet,hai_surveillance_2022
klebsiella_pneumoniae,icu,north_america,2023,2.16,1.3,3.24,cdc_nhsn_ecdc_hainet,hai_surveillance_2023
klebsiella_pneumoniae,ward,north_america,2023,0.72,0.43,1.08,cdc_nhsn_ecdc_hainet,hai_surveillance_2023
klebsiella_pneumoniae,icu,europe,2023,1.84,1.1,2.75,cdc_nhsn_ecdc_hainet,hai_surveillance_2023
klebsiella_pneumoniae,ward,europe,2023,0.61,0.37,0.92,cdc_nhsn_ecdc_hainet,hai_surveillance_2023
klebsiella_pneumoniae,icu,asia,2023,2.48,1.49,3.73,cdc_nhsn_ecdc_hainet,hai_surveillance_2023
klebsiella_pneumoniae,ward,asia,2023,0.83,0.5,1.24,cdc_nhsn_ecdc_hainet,hai_surveillance_2023
klebsiella_pneumoniae,icu,africa,2023,2.92,1.75,4.37,cdc_nhsn_ecdc_hainet,hai_surveillance_2023
klebsiella_pneumoniae,ward,africa,2023,0.97,0.58,1.46,cdc_nhsn_ecdc_hainet,hai_surveillance_2023
klebsiella_pneumoniae,icu,south_america,2023,2.59,1.56,3.89,cdc_nhsn_ecdc_hainet,hai_surveillance_2023
klebsiella_pneumoniae,ward,south_america,2023,0.86,0.52,1.3,cdc_nhsn_ecdc_hainet,hai_surveillance_2023
klebsiella_pneumoniae,icu,oceania,2023,1.94,1.17,2.92,cdc_nhsn_ecdc_hainet,hai_surveillance_2023
klebsiella_pneumoniae,ward,oceania,2023,0.65,0.39,0.97,cdc_nhsn_ecdc_hainet,hai_surveillance_2023
klebsiella_pneumoniae,icu,north_america,2024,2.25,1.35,3.38,cdc_nhsn_ecdc_hainet,hai_surveillance_2024
klebsiella_pneumoniae,ward,north_america,2024,0.75,0.45,1.12,cdc_nhsn_ecdc_hainet,hai_surveillance_2024
klebsiella_pneumoniae,icu,europe,2024,1.91,1.15,2.87,cdc_nhsn_ecdc_hainet,hai_surveillance_2024
klebsiella_pneumoniae,ward,europe,2024,0.64,0.38,0.96,cdc_nhsn_ecdc_hainet,hai_surveillance_2024
klebsiella_pneumoniae,icu,asia,2024,2.59,1.55,3.88,cdc_nhsn_ecdc_hainet,hai_surveillance_2024
klebsiella_pneumoniae,ward,asia,2024,0.86,0.52,1.29,cdc_nhsn_ecdc_hainet,hai_surveillance_2024
klebsiella_pneumoniae,icu,africa,2024,3.04,1.82,4.56,cdc_nhsn_ecdc_hainet,hai_surveillance_2024
klebsiella_pneumoniae,ward,africa,2024,1.01,0.61,1.52,cdc_nhsn_ecdc_hainet,hai_surveillance_2024
klebsiella_pneumoniae,icu,south_america,2024,2.7,1.62,4.05,cdc_nhsn_ecdc_hainet,hai_surveillance_2024
klebsiella_pneumoniae,ward,south_america,2024,0.9,0.54,1.35,cdc_nhsn_ecdc_hainet,hai_surveillance_2024
klebsiella_pneumoniae,icu,oceania,2024,2.03,1.22,3.04,cdc_nhsn_ecdc_hainet,hai_surveillance_2024
klebsiella_pneumoniae,ward,oceania,2024,0.68,0.41,1.01,cdc_nhsn_ecdc_hainet,hai_surveillance_2024
staphylococcus_aureus,icu,north_america,2019,3.2,1.92,4.8,cdc_nhsn_ecdc_hainet,hai_surveillance_2019
staphylococcus_aureus,ward,north_america,2019,1.1,0.66,1.65,cdc_nhsn_ecdc_hainet,hai_surveillance_2019
staphylococcus_aureus,icu,europe,2019,2.72,1.63,4.08,cdc_nhsn_ecdc_hainet,hai_surveillance_2019
staphylococcus_aureus,ward,europe,2019,0.94,0.56,1.4,cdc_nhsn_ecdc_hainet,hai_surveillance_2019
staphylococcus_aureus,icu,asia,2019,3.68,2.21,5.52,cdc_nhsn_ecdc_hainet,hai_surveillance_2019
staphylococcus_aureus,ward,asia,2019,1.26,0.76,1.9,cdc_nhsn_ecdc_hainet,hai_surveillance_2019
staphylococcus_aureus,icu,africa,2019,4.32,2.59,6.48,cdc_nhsn_ecdc_hainet,hai_surveillance_2019
staphylococcus_aureus,ward,africa,2019,1.49,0.89,2.23,cdc_nhsn_ecdc_hainet,hai_surveillance_2019
staphylococcus_aureus,icu,south_america,2019,3.84,2.3,5.76,cdc_nhsn_ecdc_hainet,hai_surveillance_2019
staphylococcus_aureus,ward,south_america,2019,1.32,0.79,1.98,cdc_nhsn_ecdc_hainet,hai_surveillance_2019
staphylococcus_aureus,icu,oceania,2019,2.88,1.73,4.32,cdc_nhsn_ecdc_hainet,hai_surveillance_2019
staphylococcus_aureus,ward,oceania,2019,0.99,0.59,1.49,cdc_nhsn_ecdc_hainet,hai_surveillance_2019
staphylococcus_aureus,icu,north_america,2020,3.14,1.88,4.7,cdc_nhsn_ecdc_hainet,hai_surveillance_2020
staphylococcus_aureus,ward,north_america,2020,1.08,0.65,1.62,cdc_nhsn_ecdc_hainet,hai_surveillance_2020
staphylococcus_aureus,icu,europe,2020,2.67,1.6,4.0,cdc_nhsn_ecdc_hainet,hai_surveillance_2020
staphylococcus_aureus,ward,europe,2020,0.92,0.55,1.37,cdc_nhsn_ecdc_hainet,hai_surveillance_2020
staphylococcus_aureus,icu,asia,2020,3.61,2.16,5.41,cdc_nhsn_ecdc_hainet,hai_surveillance_2020
staphylococcus_aureus,ward,asia,2020,1.24,0.74,1.86,cdc_nhsn_ecdc_hainet,hai_surveillance_2020
staphylococcus_aureus,icu,africa,2020,4.23,2.54,6.35,cdc_nhsn_ecdc_hainet,hai_surveillance_2020
staphylococcus_aureus,ward,africa,2020,1.46,0.87,2.18,cdc_nhsn_ecdc_hainet,hai_surveillance_2020
staphylococcus_aureus,icu,south_america,2020,3.76,2.26,5.64,cdc_nhsn_ecdc_hainet,hai_surveillance_2020
staphylococcus_aureus,ward,south_america,2020,1.29,0.78,1.94,cdc_nhsn_ecdc_hainet,hai_surveillance_2020
staphylococcus_aureus,icu,oceania,2020,2.82,1.69,4.23,cdc_nhsn_ecdc_hainet,hai_surveillance_2020
staphylococcus_aureus,ward,oceania,2020,0.97,0.58,1.46,cdc_nhsn_ecdc_hainet,hai_surveillance_2020
staphylococcus_aureus,icu,north_america,2021,3.07,1.84,4.61,cdc_nhsn_ecdc_hainet,hai_surveillance_2021
staphylococcus_aureus,ward,north_america,2021,1.06,0.63,1.58,cdc_nhsn_ecdc_hainet,hai_surveillance_2021
staphylococcus_aureus,icu,europe,2021,2.61,1.57,3.92,cdc_nhsn_ecdc_hainet,hai_surveillance_2021
staphylococcus_aureus,ward,europe,2021,0.9,0.54,1.35,cdc_nhsn_ecdc_hainet,hai_surveillance_2021
staphylococcus_aureus,icu,asia,2021,3.53,2.12,5.3,cdc_nhsn_ecdc_hainet,hai_surveillance_2021
staphylococcus_aureus,ward,asia,2021,1.21,0.73,1.82,cdc_nhsn_ecdc_hainet,hai_surveillance_2021
staphylococcus_aureus,icu,africa,2021,4.15,2.49,6.22,cdc_nhsn_ecdc_hainet,hai_surveillance_2021
staphylococcus_aureus,ward,africa,2021,1.43,0.86,2.14,cdc_nhsn_ecdc_hainet,hai_surveillance_2021
staphylococcus_aureus,icu,south_america,2021,3.69,2.21,5.53,cdc_nhsn_ecdc_hainet,hai_surveillance_2021
staphylococcus_aureus,ward,south_america,2021,1.27,0.76,1.9,cdc_nhsn_ecdc_hainet,hai_surveillance_2021
staphylococcus_aureus,icu,oceania,2021,2.76,1.66,4.15,cdc_nhsn_ecdc_hainet,hai_surveillance_2021
staphylococcus_aureus,ward,oceania,2021,0.95,0.57,1.43,cdc_nhsn_ecdc_hainet,hai_surveillance_2021
staphylococcus_aureus,icu,north_america,2022,3.01,1.8,4.51,cdc_nhsn_ecdc_hainet,hai_surveillance_2022
staphylococcus_aureus,ward,north_america,2022,1.03,0.62,1.55,cdc_nhsn_ecdc_hainet,hai_surveillance_2022
staphylococcus_aureus,icu,europe,2022,2.56,1.53,3.84,cdc_nhsn_ecdc_hainet,hai_surveillance_2022
staphylococcus_aureus,ward,europe,2022,0.88,0.53,1.32,cdc_nhsn_ecdc_hainet,hai_surveillance_2022
staphylococcus_aureus,icu,asia,2022,3.46,2.08,5.19,cdc_nhsn_ecdc_hainet,hai_surveillance_2022
staphylococcus_aureus,ward,asia,2022,1.19,0.71,1.78,cdc_nhsn_ecdc_hainet,hai_surveillance_2022
staphylococcus_aureus,icu,africa,2022,4.06,2.44,6.09,cdc_nhsn_ecdc_hainet,hai_surveillance_2022
staphylococcus_aureus,ward,africa,2022,1.4,0.84,2.09,cdc_nhsn_ecdc_hainet,hai_surveillance_2022
staphylococcus_aureus,icu,south_america,2022,3.61,2.17,5.41,cdc_nhsn_ecdc_hainet,hai_surveillance_2022
staphylococcus_aureus,ward,south_america,2022,1.24,0.74,1.86,cdc_nhsn_ecdc_hainet,hai_surveillance_2022
staphylococcus_aureus,icu,oceania,2022,2.71,1.62,4.06,cdc_nhsn_ecdc_hainet,hai_surveillance_2022
staphylococcus_aureus,ward,oceania,2022,0.93,0.56,1.4,cdc_nhsn_ecdc_hainet,hai_surveillance_2022
staphylococcus_aureus,icu,north_america,2023,2.94,1.77,4.42,cdc_nhsn_ecdc_hainet,hai_surveillance_2023
staphylococcus_aureus,ward,north_america,2023,1.01,0.61,1.52,cdc_nhsn_ecdc_hainet,hai_surveillance_2023
staphylococcus_aureus,icu,europe,2023,2.5,1.5,3.75,cdc_nhsn_ecdc_hainet,hai_surveillance_2023
staphylococcus_aureus,ward,europe,2023,0.86,0.52,1.29,cdc_nhsn_ecdc_hainet,hai_surveillance_2023
staphylococcus_aureus,icu,asia,2023,3.39,2.03,5.08,cdc_nhsn_ecdc_hainet,hai_surveillance_2023
staphylococcus_aureus,ward,asia,2023,1.16,0.7,1.75,cdc_nhsn_ecdc_hainet,hai_surveillance_2023
staphylococcus_aureus,icu,africa,2023,3.97,2.38,5.96,cdc_nhsn_ecdc_hainet,hai_surveillance_2023
staphylococcus_aureus,ward,africa,2023,1.37,0.82,2.05,cdc_nhsn_ecdc_hainet,hai_surveillance_2023
staphylococcus_aureus,icu,south_america,2023,3.53,2.12,5.3,cdc_nhsn_ecdc_hainet,hai_surveillance_2023
staphylococcus_aureus,ward,south_america,2023,1.21,0.73,1.82,cdc_nhsn_ecdc_hainet,hai_surveillance_2023
staphylococcus_aureus,icu,oceania,2023,2.65,1.59,3.97,cdc_nhsn_ecdc_hainet,hai_surveillance_2023
staphylococcus_aureus,ward,oceania,2023,0.91,0.55,1.37,cdc_nhsn_ecdc_hainet,hai_surveillance_2023
staphylococcus_aureus,icu,north_america,2024,2.88,1.73,4.32,cdc_nhsn_ecdc_hainet,hai_surveillance_2024
staphylococcus_aureus,ward,north_america,2024,0.99,0.59,1.49,cdc_nhsn_ecdc_hainet,hai_surveillance_2024
staphylococcus_aureus,icu,europe,2024,2.45,1.47,3.67,cdc_nhsn_ecdc_hainet,hai_surveillance_2024
staphylococcus_aureus,ward,europe,2024,0.84,0.5,1.26,cdc_nhsn_ecdc_hainet,hai_surveillance_2024
staphylococcus_aureus,icu,asia,2024,3.31,1.99,4.97,cdc_nhsn_ecdc_hainet,hai_surveillance_2024
staphylococcus_aureus,ward,asia,2024,1.14,0.68,1.71,cdc_nhsn_ecdc_hainet,hai_surveillance_2024
staphylococcus_aureus,icu,africa,2024,3.89,2.33,5.83,cdc_nhsn_ecdc_hainet,hai_surveillance_2024
staphylococcus_aureus,ward,africa,2024,1.34,0.8,2.0,cdc_nhsn_ecdc_hainet,hai_surveillance_2024
staphylococcus_aureus,icu,south_america,2024,3.46,2.07,5.18,cdc_nhsn_ecdc_hainet,hai_surveillance_2024
staphylococcus_aureus,ward,south_america,2024,1.19,0.71,1.78,cdc_nhsn_ecdc_hainet,hai_surveillance_2024
staphylococcus_aureus,icu,oceania,2024,2.59,1.56,3.89,cdc_nhsn_ecdc_hainet,hai_surveillance_2024
staphylococcus_aureus,ward,oceania,2024,0.89,0.53,1.34,cdc_nhsn_ecdc_hainet,hai_surveillance_2024
pseudomonas_aeruginosa,icu,north_america,2019,1.5,0.9,2.25,cdc_nhsn_ecdc_hainet,hai_surveillance_2019
pseudomonas_aeruginosa,ward,north_america,2019,0.4,0.24,0.6,cdc_nhsn_ecdc_hainet,hai_surveillance_2019
pseudomonas_aeruginosa,icu,europe,2019,1.27,0.76,1.91,cdc_nhsn_ecdc_hainet,hai_surveillance_2019
pseudomonas_aeruginosa,ward,europe,2019,0.34,0.2,0.51,cdc_nhsn_ecdc_hainet,hai_surveillance_2019
pseudomonas_aeruginosa,icu,asia,2019,1.72,1.03,2.59,cdc_nhsn_ecdc_hainet,hai_surveillance_2019
pseudomonas_aeruginosa,ward,asia,2019,0.46,0.28,0.69,cdc_nhsn_ecdc_hainet,hai_surveillance_2019
pseudomonas_aeruginosa,icu,africa,2019,2.03,1.22,3.04,cdc_nhsn_ecdc_hainet,hai_surveillance_2019
pseudomonas_aeruginosa,ward,africa,2019,0.54,0.32,0.81,cdc_nhsn_ecdc_hainet,hai_surveillance_2019
pseudomonas_aeruginosa,icu,south_america,2019,1.8,1.08,2.7,cdc_nhsn_ecdc_hainet,hai_surveillance_2019
pseudomonas_aeruginosa,ward,south_america,2019,0.48,0.29,0.72,cdc_nhsn_ecdc_hainet,hai_surveillance_2019
pseudomonas_aeruginosa,icu,oceania,2019,1.35,0.81,2.03,cdc_nhsn_ecdc_hainet,hai_surveillance_2019
pseudomonas_aeruginosa,ward,oceania,2019,0.36,0.22,0.54,cdc_nhsn_ecdc_hainet,hai_surveillance_2019
pseudomonas_aeruginosa,icu,north_america,2020,1.56,0.94,2.34,cdc_nhsn_ecdc_hainet,hai_surveillance_2020
pseudomonas_aeruginosa,ward,north_america,2020,0.42,0.25,0.62,cdc_nhsn_ecdc_hainet,hai_surveillance_2020
pseudomonas_aeruginosa,icu,europe,2020,1.33,0.8,1.99,cdc_nhsn_ecdc_hainet,hai_surveillance_2020
pseudomonas_aeruginosa,ward,europe,2020,0.35,0.21,0.53,cdc_nhsn_ecdc_hainet,hai_surveillance_2020
pseudomonas_aeruginosa,icu,asia,2020,1.79,1.08,2.69,cdc_nhsn_ecdc_hainet,hai_surveillance_2020
pseudomonas_aeruginosa,ward,asia,2020,0.48,0.29,0.72,cdc_nhsn_ecdc_hainet,hai_surveillance_2020
pseudomonas_aeruginosa,icu,africa,2020,2.11,1.26,3.16,cdc_nhsn_ecdc_hainet,hai_surveillance_2020
pseudomonas_aeruginosa,ward,africa,2020,0.56,0.34,0.84,cdc_nhsn_ecdc_hainet,hai_surveillance_2020
pseudomonas_aeruginosa,icu,south_america,2020,1.87,1.12,2.81,cdc_nhsn_ecdc_hainet,hai_surveillance_2020
pseudomonas_aeruginosa,ward,south_america,2020,0.5,0.3,0.75,cdc_nhsn_ecdc_hainet,hai_surveillance_2020
pseudomonas_aeruginosa,icu,oceania,2020,1.4,0.84,2.11,cdc_nhsn_ecdc_hainet,hai_surveillance_2020
pseudomonas_aeruginosa,ward,oceania,2020,0.37,0.22,0.56,cdc_nhsn_ecdc_hainet,hai_surveillance_2020
pseudomonas_aeruginosa,icu,north_america,2021,1.62,0.97,2.43,cdc_nhsn_ecdc_hainet,hai_surveillance_2021
pseudomonas_aeruginosa,ward,north_america,2021,0.43,0.26,0.65,cdc_nhsn_ecdc_hainet,hai_surveillance_2021
pseudomonas_aeruginosa,icu,europe,2021,1.38,0.83,2.07,cdc_nhsn_ecdc_hainet,hai_surveillance_2021
pseudomonas_aeruginosa,ward,europe,2021,0.37,0.22,0.55,cdc_nhsn_ecdc_hainet,hai_surveillance_2021
pseudomonas_aeruginosa,icu,asia,2021,1.86,1.12,2.79,cdc_nhsn_ecdc_hainet,hai_surveillance_2021
pseudomonas_aeruginosa,ward,asia,2021,0.5,0.3,0.75,cdc_nhsn_ecdc_hainet,hai_surveillance_2021
pseudomonas_aeruginosa,icu,africa,2021,2.19,1.31,3.28,cdc_nhsn_ecdc_hainet,hai_surveillance_2021
pseudomonas_aeruginosa,ward,africa,2021,0.58,0.35,0.87,cdc_nhsn_ecdc_hainet,hai_surveillance_2021
pseudomonas_aeruginosa,icu,south_america,2021,1.94,1.17,2.92,cdc_nhsn_ecdc_hainet,hai_surveillance_2021
pseudomonas_aeruginosa,ward,south_america,2021,0.52,0.31,0.78,cdc_nhsn_ecdc_hainet,hai_surveillance_2021
pseudomonas_aeruginosa,icu,oceania,2021,1.46,0.87,2.19,cdc_nhsn_ecdc_hainet,hai_surveillance_2021
pseudomonas_aeruginosa,ward,oceania,2021,0.39,0.23,0.58,cdc_nhsn_ecdc_hainet,hai_surveillance_2021
pseudomonas_aeruginosa,icu,north_america,2022,1.68,1.01,2.52,cdc_nhsn_ecdc_hainet,hai_surveillance_2022
pseudomonas_aeruginosa,ward,north_america,2022,0.45,0.27,0.67,cdc_nhsn_ecdc_hainet,hai_surveillance_2022
pseudomonas_aeruginosa,icu,europe,2022,1.43,0.86,2.14,cdc_nhsn_ecdc_hainet,hai_surveillance_2022
pseudomonas_aeruginosa,ward,europe,2022,0.38,0.23,0.57,cdc_nhsn_ecdc_hainet,hai_surveillance_2022
pseudomonas_aeruginosa,icu,asia,2022,1.93,1.16,2.9,cdc_nhsn_ecdc_hainet,hai_surveillance_2022
pseudomonas_aeruginosa,ward,asia,2022,0.52,0.31,0.77,cdc_nhsn_ecdc_hainet,hai_surveillance_2022
pseudomonas_aeruginosa,icu,africa,2022,2.27,1.36,3.4,cdc_nhsn_ecdc_hainet,hai_surveillance_2022
pseudomonas_aeruginosa,ward,africa,2022,0.6,0.36,0.91,cdc_nhsn_ecdc_hainet,hai_surveillance_2022
pseudomonas_aeruginosa,icu,south_america,2022,2.02,1.21,3.02,cdc_nhsn_ecdc_hainet,hai_surveillance_2022
pseudomonas_aeruginosa,ward,south_america,2022,0.54,0.32,0.81,cdc_nhsn_ecdc_hainet,hai_surveillance_2022
pseudomonas_aeruginosa,icu,oceania,2022,1.51,0.91,2.27,cdc_nhsn_ecdc_hainet,hai_surveillance_2022
pseudomonas_aeruginosa,ward,oceania,2022,0.4,0.24,0.6,cdc_nhsn_ecdc_hainet,hai_surveillance_2022
pseudomonas_aeruginosa,icu,north_america,2023,1.74,1.04,2.61,cdc_nhsn_ecdc_hainet,hai_surveillance_2023
pseudomonas_aeruginosa,ward,north_america,2023,0.46,0.28,0.7,cdc_nhsn_ecdc_hainet,hai_surveillance_2023
pseudomonas_aeruginosa,icu,europe,2023,1.48,0.89,2.22,cdc_nhsn_ecdc_hainet,hai_surveillance_2023
pseudomonas_aeruginosa,ward,europe,2023,0.39,0.24,0.59,cdc_nhsn_ecdc_hainet,hai_surveillance_2023
pseudomonas_aeruginosa,icu,asia,2023,2.0,1.2,3.0,cdc_nhsn_ecdc_hainet,hai_surveillance_2023
pseudomonas_aeruginosa,ward,asia,2023,0.53,0.32,0.8,cdc_nhsn_ecdc_hainet,hai_surveillance_2023
pseudomonas_aeruginosa,icu,africa,2023,2.35,1.41,3.52,cdc_nhsn_ecdc_hainet,hai_surveillance_2023
pseudomonas_aeruginosa,ward,africa,2023,0.63,0.38,0.94,cdc_nhsn_ecdc_hainet,hai_surveillance_2023
pseudomonas_aeruginosa,icu,south_america,2023,2.09,1.25,3.13,cdc_nhsn_ecdc_hainet,hai_surveillance_2023
pseudomonas_aeruginosa,ward,south_america,2023,0.56,0.33,0.84,cdc_nhsn_ecdc_hainet,hai_surveillance_2023
pseudomonas_aeruginosa,icu,oceania,2023,1.57,0.94,2.35,cdc_nhsn_ecdc_hainet,hai_surveillance_2023
pseudomonas_aeruginosa,ward,oceania,2023,0.42,0.25,0.63,cdc_nhsn_ecdc_hainet,hai_surveillance_2023
pseudomonas_aeruginosa,icu,north_america,2024,1.8,1.08,2.7,cdc_nhsn_ecdc_hainet,hai_surveillance_2024
pseudomonas_aeruginosa,ward,north_america,2024,0.48,0.29,0.72,cdc_nhsn_ecdc_hainet,hai_surveillance_2024
pseudomonas_aeruginosa,icu,europe,2024,1.53,0.92,2.29,cdc_nhsn_ecdc_hainet,hai_surveillance_2024
pseudomonas_aeruginosa,ward,europe,2024,0.41,0.24,0.61,cdc_nhsn_ecdc_hainet,hai_surveillance_2024
pseudomonas_aeruginosa,icu,asia,2024,2.07,1.24,3.1,cdc_nhsn_ecdc_hainet,hai_surveillance_2024
pseudomonas_aeruginosa,ward,asia,2024,0.55,0.33,0.83,cdc_nhsn_ecdc_hainet,hai_surveillance_2024
pseudomonas_aeruginosa,icu,africa,2024,2.43,1.46,3.65,cdc_nhsn_ecdc_hainet,hai_surveillance_2024
pseudomonas_aeruginosa,ward,africa,2024,0.65,0.39,0.97,cdc_nhsn_ecdc_hainet,hai_surveillance_2024
pseudomonas_aeruginosa,icu,south_america,2024,2.16,1.3,3.24,cdc_nhsn_ecdc_hainet,hai_surveillance_2024
pseudomonas_aeruginosa,ward,south_america,2024,0.58,0.35,0.86,cdc_nhsn_ecdc_hainet,hai_surveillance_2024
pseudomonas_aeruginosa,icu,oceania,2024,1.62,0.97,2.43,cdc_nhsn_ecdc_hainet,hai_surveillance_2024
pseudomonas_aeruginosa,ward,oceania,2024,0.43,0.26,0.65,cdc_nhsn_ecdc_hainet,hai_surveillance_2024
acinetobacter_baumannii,icu,north_america,2019,0.8,0.48,1.2,cdc_nhsn_ecdc_hainet,hai_surveillance_2019
acinetobacter_baumannii,ward,north_america,2019,0.2,0.12,0.3,cdc_nhsn_ecdc_hainet,hai_surveillance_2019
acinetobacter_baumannii,icu,europe,2019,0.68,0.41,1.02,cdc_nhsn_ecdc_hainet,hai_surveillance_2019
acinetobacter_baumannii,ward,europe,2019,0.17,0.1,0.26,cdc_nhsn_ecdc_hainet,hai_surveillance_2019
acinetobacter_baumannii,icu,asia,2019,0.92,0.55,1.38,cdc_nhsn_ecdc_hainet,hai_surveillance_2019
acinetobacter_baumannii,ward,asia,2019,0.23,0.14,0.34,cdc_nhsn_ecdc_hainet,hai_surveillance_2019
acinetobacter_baumannii,icu,africa,2019,1.08,0.65,1.62,cdc_nhsn_ecdc_hainet,hai_surveillance_2019
acinetobacter_baumannii,ward,africa,2019,0.27,0.16,0.41,cdc_nhsn_ecdc_hainet,hai_surveillance_2019
acinetobacter_baumannii,icu,south_america,2019,0.96,0.58,1.44,cdc_nhsn_ecdc_hainet,hai_surveillance_2019
acinetobacter_baumannii,ward,south_america,2019,0.24,0.14,0.36,cdc_nhsn_ecdc_hainet,hai_surveillance_2019
acinetobacter_baumannii,icu,oceania,2019,0.72,0.43,1.08,cdc_nhsn_ecdc_hainet,hai_surveillance_2019
acinetobacter_baumannii,ward,oceania,2019,0.18,0.11,0.27,cdc_nhsn_ecdc_hainet,hai_surveillance_2019
acinetobacter_baumannii,icu,north_america,2020,0.85,0.51,1.27,cdc_nhsn_ecdc_hainet,hai_surveillance_2020
acinetobacter_baumannii,ward,north_america,2020,0.21,0.13,0.32,cdc_nhsn_ecdc_hainet,hai_surveillance_2020
acinetobacter_baumannii,icu,europe,2020,0.72,0.43,1.08,cdc_nhsn_ecdc_hainet,hai_surveillance_2020
acinetobacter_baumannii,ward,europe,2020,0.18,0.11,0.27,cdc_nhsn_ecdc_hainet,hai_surveillance_2020
acinetobacter_baumannii,icu,asia,2020,0.98,0.59,1.46,cdc_nhsn_ecdc_hainet,hai_surveillance_2020
acinetobacter_baumannii,ward,asia,2020,0.24,0.15,0.37,cdc_nhsn_ecdc_hainet,hai_surveillance_2020
acinetobacter_baumannii,icu,africa,2020,1.14,0.69,1.72,cdc_nhsn_ecdc_hainet,hai_surveillance_2020
acinetobacter_baumannii,ward,africa,2020,0.29,0.17,0.43,cdc_nhsn_ecdc_hainet,hai_surveillance_2020
acinetobacter_baumannii,icu,south_america,2020,1.02,0.61,1.53,cdc_nhsn_ecdc_hainet,hai_surveillance_2020
acinetobacter_baumannii,ward,south_america,2020,0.25,0.15,0.38,cdc_nhsn_ecdc_hainet,hai_surveillance_2020
acinetobacter_baumannii,icu,oceania,2020,0.76,0.46,1.14,cdc_nhsn_ecdc_hainet,hai_surveillance_2020
acinetobacter_baumannii,ward,oceania,2020,0.19,0.11,0.29,cdc_nhsn_ecdc_hainet,hai_surveillance_2020
acinetobacter_baumannii,icu,north_america,2021,0.9,0.54,1.34,cdc_nhsn_ecdc_hainet,hai_surveillance_2021
acinetobacter_baumannii,ward,north_america,2021,0.22,0.13,0.34,cdc_nhsn_ecdc_hainet,hai_surveillance_2021
acinetobacter_baumannii,icu,europe,2021,0.76,0.46,1.14,cdc_nhsn_ecdc_hainet,hai_surveillance_2021
acinetobacter_baumannii,ward,europe,2021,0.19,0.11,0.29,cdc_nhsn_ecdc_hainet,hai_surveillance_2021
acinetobacter_baumannii,icu,asia,2021,1.03,0.62,1.55,cdc_nhsn_ecdc_hainet,hai_surveillance_2021
acinetobacter_baumannii,ward,asia,2021,0.26,0.15,0.39,cdc_nhsn_ecdc_hainet,hai_surveillance_2021
acinetobacter_baumannii,icu,africa,2021,1.21,0.73,1.81,cdc_nhsn_ecdc_hainet,hai_surveillance_2021
acinetobacter_baumannii,ward,africa,2021,0.3,0.18,0.45,cdc_nhsn_ecdc_hainet,hai_surveillance_2021
acinetobacter_baumannii,icu,south_america,2021,1.08,0.65,1.61,cdc_nhsn_ecdc_hainet,hai_surveillance_2021
acinetobacter_baumannii,ward,south_america,2021,0.27,0.16,0.4,cdc_nhsn_ecdc_hainet,hai_surveillance_2021
acinetobacter_baumannii,icu,oceania,2021,0.81,0.48,1.21,cdc_nhsn_ecdc_hainet,hai_surveillance_2021
acinetobacter_baumannii,ward,oceania,2021,0.2,0.12,0.3,cdc_nhsn_ecdc_hainet,hai_surveillance_2021
acinetobacter_baumannii,icu,north_america,2022,0.94,0.57,1.42,cdc_nhsn_ecdc_hainet,hai_surveillance_2022
acinetobacter_baumannii,ward,north_america,2022,0.24,0.14,0.35,cdc_nhsn_ecdc_hainet,hai_surveillance_2022
acinetobacter_baumannii,icu,europe,2022,0.8,0.48,1.2,cdc_nhsn_ecdc_hainet,hai_surveillance_2022
acinetobacter_baumannii,ward,europe,2022,0.2,0.12,0.3,cdc_nhsn_ecdc_hainet,hai_surveillance_2022
acinetobacter_baumannii,icu,asia,2022,1.09,0.65,1.63,cdc_nhsn_ecdc_hainet,hai_surveillance_2022
acinetobacter_baumannii,ward,asia,2022,0.27,0.16,0.41,cdc_nhsn_ecdc_hainet,hai_surveillance_2022
acinetobacter_baumannii,icu,africa,2022,1.27,0.76,1.91,cdc_nhsn_ecdc_hainet,hai_surveillance_2022
acinetobacter_baumannii,ward,africa,2022,0.32,0.19,0.48,cdc_nhsn_ecdc_hainet,hai_surveillance_2022
acinetobacter_baumannii,icu,south_america,2022,1.13,0.68,1.7,cdc_nhsn_ecdc_hainet,hai_surveillance_2022
acinetobacter_baumannii,ward,south_america,2022,0.28,0.17,0.42,cdc_nhsn_ecdc_hainet,hai_surveillance_2022
acinetobacter_baumannii,icu,oceania,2022,0.85,0.51,1.27,cdc_nhsn_ecdc_hainet,hai_surveillance_2022
acinetobacter_baumannii,ward,oceania,2022,0.21,0.13,0.32,cdc_nhsn_ecdc_hainet,hai_surveillance_2022
acinetobacter_baumannii,icu,north_america,2023,0.99,0.6,1.49,cdc_nhsn_ecdc_hainet,hai_surveillance_2023
acinetobacter_baumannii,ward,north_america,2023,0.25,0.15,0.37,cdc_nhsn_ecdc_hainet,hai_surveillance_2023
acinetobacter_baumannii,icu,europe,2023,0.84,0.51,1.26,cdc_nhsn_ecdc_hainet,hai_surveillance_2023
acinetobacter_baumannii,ward,europe,2023,0.21,0.13,0.32,cdc_nhsn_ecdc_hainet,hai_surveillance_2023
acinetobacter_baumannii,icu,asia,2023,1.14,0.68,1.71,cdc_nhsn_ecdc_hainet,hai_surveillance_2023
acinetobacter_baumannii,ward,asia,2023,0.29,0.17,0.43,cdc_nhsn_ecdc_hainet,hai_surveillance_2023
acinetobacter_baumannii,icu,africa,2023,1.34,0.8,2.01,cdc_nhsn_ecdc_hainet,hai_surveillance_2023
acinetobacter_baumannii,ward,africa,2023,0.33,0.2,0.5,cdc_nhsn_ecdc_hainet,hai_surveillance_2023
acinetobacter_baumannii,icu,south_america,2023,1.19,0.71,1.79,cdc_nhsn_ecdc_hainet,hai_surveillance_2023
acinetobacter_baumannii,ward,south_america,2023,0.3,0.18,0.45,cdc_nhsn_ecdc_hainet,hai_surveillance_2023
acinetobacter_baumannii,icu,oceania,2023,0.89,0.54,1.34,cdc_nhsn_ecdc_hainet,hai_surveillance_2023
acinetobacter_baumannii,ward,oceania,2023,0.22,0.13,0.33,cdc_nhsn_ecdc_hainet,hai_surveillance_2023
acinetobacter_baumannii,icu,north_america,2024,1.04,0.62,1.56,cdc_nhsn_ecdc_hainet,hai_surveillance_2024
acinetobacter_baumannii,ward,north_america,2024,0.26,0.16,0.39,cdc_nhsn_ecdc_hainet,hai_surveillance_2024
acinetobacter_baumannii,icu,europe,2024,0.88,0.53,1.33,cdc_nhsn_ecdc_hainet,hai_surveillance_2024
acinetobacter_baumannii,ward,europe,2024,0.22,0.13,0.33,cdc_nhsn_ecdc_hainet,hai_surveillance_2024
acinetobacter_baumannii,icu,asia,2024,1.2,0.72,1.79,cdc_nhsn_ecdc_hainet,hai_surveillance_2024
acinetobacter_baumannii,ward,asia,2024,0.3,0.18,0.45,cdc_nhsn_ecdc_hainet,hai_surveillance_2024
acinetobacter_baumannii,icu,africa,2024,1.4,0.84,2.11,cdc_nhsn_ecdc_hainet,hai_surveillance_2024
acinetobacter_baumannii,ward,africa,2024,0.35,0.21,0.53,cdc_nhsn_ecdc_hainet,hai_surveillance_2024
acinetobacter_baumannii,icu,south_america,2024,1.25,0.75,1.87,cdc_nhsn_ecdc_hainet,hai_surveillance_2024
acinetobacter_baumannii,ward,south_america,2024,0.31,0.19,0.47,cdc_nhsn_ecdc_hainet,hai_surveillance_2024
acinetobacter_baumannii,icu,oceania,2024,0.94,0.56,1.4,cdc_nhsn_ecdc_hainet,hai_surveillance_2024
acinetobacter_baumannii,ward,oceania,2024,0.23,0.14,0.35,cdc_nhsn_ecdc_hainet,hai_surveillance_2024
enterococcus_faecium,icu,north_america,2019,1.2,0.72,1.8,cdc_nhsn_ecdc_hainet,hai_surveillance_2019
enterococcus_faecium,ward,north_america,2019,0.5,0.3,0.75,cdc_nhsn_ecdc_hainet,hai_surveillance_2019
enterococcus_faecium,icu,europe,2019,1.02,0.61,1.53,cdc_nhsn_ecdc_hainet,hai_surveillance_2019
enterococcus_faecium,ward,europe,2019,0.42,0.26,0.64,cdc_nhsn_ecdc_hainet,hai_surveillance_2019
enterococcus_faecium,icu,asia,2019,1.38,0.83,2.07,cdc_nhsn_ecdc_hainet,hai_surveillance_2019
enterococcus_faecium,ward,asia,2019,0.57,0.34,0.86,cdc_nhsn_ecdc_hainet,hai_surveillance_2019
enterococcus_faecium,icu,africa,2019,1.62,0.97,2.43,cdc_nhsn_ecdc_hainet,hai_surveillance_2019
enterococcus_faecium,ward,africa,2019,0.68,0.41,1.01,cdc_nhsn_ecdc_hainet,hai_surveillance_2019
enterococcus_faecium,icu,south_america,2019,1.44,0.86,2.16,cdc_nhsn_ecdc_hainet,hai_surveillance_2019
enterococcus_faecium,ward,south_america,2019,0.6,0.36,0.9,cdc_nhsn_ecdc_hainet,hai_surveillance_2019
enterococcus_faecium,icu,oceania,2019,1.08,0.65,1.62,cdc_nhsn_ecdc_hainet,hai_surveillance_2019
enterococcus_faecium,ward,oceania,2019,0.45,0.27,0.68,cdc_nhsn_ecdc_hainet,hai_surveillance_2019
enterococcus_faecium,icu,north_america,2020,1.22,0.73,1.84,cdc_nhsn_ecdc_hainet,hai_surveillance_2020
enterococcus_faecium,ward,north_america,2020,0.51,0.31,0.77,cdc_nhsn_ecdc_hainet,hai_surveillance_2020
enterococcus_faecium,icu,europe,2020,1.04,0.62,1.56,cdc_nhsn_ecdc_hainet,hai_surveillance_2020
enterococcus_faecium,ward,europe,2020,0.43,0.26,0.65,cdc_nhsn_ecdc_hainet,hai_surveillance_2020
enterococcus_faecium,icu,asia,2020,1.41,0.84,2.11,cdc_nhsn_ecdc_hainet,hai_surveillance_2020
enterococcus_faecium,ward,asia,2020,0.59,0.35,0.88,cdc_nhsn_ecdc_hainet,hai_surveillance_2020
enterococcus_faecium,icu,africa,2020,1.65,0.99,2.48,cdc_nhsn_ecdc_hainet,hai_surveillance_2020
enterococcus_faecium,ward,africa,2020,0.69,0.41,1.03,cdc_nhsn_ecdc_hainet,hai_surveillance_2020
enterococcus_faecium,icu,south_america,2020,1.47,0.88,2.2,cdc_nhsn_ecdc_hainet,hai_surveillance_2020
enterococcus_faecium,ward,south_america,2020,0.61,0.37,0.92,cdc_nhsn_ecdc_hainet,hai_surveillance_2020
enterococcus_faecium,icu,oceania,2020,1.1,0.66,1.65,cdc_nhsn_ecdc_hainet,hai_surveillance_2020
enterococcus_faecium,ward,oceania,2020,0.46,0.28,0.69,cdc_nhsn_ecdc_hainet,hai_surveillance_2020
enterococcus_faecium,icu,north_america,2021,1.25,0.75,1.87,cdc_nhsn_ecdc_hainet,hai_surveillance_2021
enterococcus_faecium,ward,north_america,2021,0.52,0.31,0.78,cdc_nhsn_ecdc_hainet,hai_surveillance_2021
enterococcus_faecium,icu,europe,2021,1.06,0.64,1.59,cdc_nhsn_ecdc_hainet,hai_surveillance_2021
enterococcus_faecium,ward,europe,2021,0.44,0.27,0.66,cdc_nhsn_ecdc_hainet,hai_surveillance_2021
enterococcus_faecium,icu,asia,2021,1.44,0.86,2.15,cdc_nhsn_ecdc_hainet,hai_surveillance_2021
enterococcus_faecium,ward,asia,2021,0.6,0.36,0.9,cdc_nhsn_ecdc_hainet,hai_surveillance_2021
enterococcus_faecium,icu,africa,2021,1.68,1.01,2.53,cdc_nhsn_ecdc_hainet,hai_surveillance_2021
enterococcus_faecium,ward,africa,2021,0.7,0.42,1.05,cdc_nhsn_ecdc_hainet,hai_surveillance_2021
enterococcus_faecium,icu,south_america,2021,1.5,0.9,2.25,cdc_nhsn_ecdc_hainet,hai_surveillance_2021
enterococcus_faecium,ward,south_america,2021,0.62,0.37,0.94,cdc_nhsn_ecdc_hainet,hai_surveillance_2021
enterococcus_faecium,icu,oceania,2021,1.12,0.67,1.68,cdc_nhsn_ecdc_hainet,hai_surveillance_2021
enterococcus_faecium,ward,oceania,2021,0.47,0.28,0.7,cdc_nhsn_ecdc_hainet,hai_surveillance_2021
enterococcus_faecium,icu,north_america,2022,1.27,0.76,1.91,cdc_nhsn_ecdc_hainet,hai_surveillance_2022
enterococcus_faecium,ward,north_america,2022,0.53,0.32,0.8,cdc_nhsn_ecdc_hainet,hai_surveillance_2022
enterococcus_faecium,icu,europe,2022,1.08,0.65,1.62,cdc_nhsn_ecdc_hainet,hai_surveillance_2022
enterococcus_faecium,ward,europe,2022,0.45,0.27,0.68,cdc_nhsn_ecdc_hainet,hai_surveillance_2022
enterococcus_faecium,icu,asia,2022,1.46,0.88,2.19,cdc_nhsn_ecdc_hainet,hai_surveillance_2022
enterococcus_faecium,ward,asia,2022,0.61,0.37,0.91,cdc_nhsn_ecdc_hainet,hai_surveillance_2022
enterococcus_faecium,icu,africa,2022,1.72,1.03,2.58,cdc_nhsn_ecdc_hainet,hai_surveillance_2022
enterococcus_faecium,ward,africa,2022,0.72,0.43,1.07,cdc_nhsn_ecdc_hainet,hai_surveillance_2022
enterococcus_faecium,icu,south_america,2022,1.53,0.92,2.29,cdc_nhsn_ecdc_hainet,hai_surveillance_2022
enterococcus_faecium,ward,south_america,2022,0.64,0.38,0.95,cdc_nhsn_ecdc_hainet,hai_surveillance_2022
enterococcus_faecium,icu,oceania,2022,1.14,0.69,1.72,cdc_nhsn_ecdc_hainet,hai_surveillance_2022
enterococcus_faecium,ward,oceania,2022,0.48,0.29,0.72,cdc_nhsn_ecdc_hainet,hai_surveillance_2022
enterococcus_faecium,icu,north_america,2023,1.3,0.78,1.94,cdc_nhsn_ecdc_hainet,hai_surveillance_2023
enterococcus_faecium,ward,north_america,2023,0.54,0.32,0.81,cdc_nhsn_ecdc_hainet,hai_surveillance_2023
enterococcus_faecium,icu,europe,2023,1.1,0.66,1.65,cdc_nhsn_ecdc_hainet,hai_surveillance_2023
enterococcus_faecium,ward,europe,2023,0.46,0.28,0.69,cdc_nhsn_ecdc_hainet,hai_surveillance_2023
enterococcus_faecium,icu,asia,2023,1.49,0.89,2.24,cdc_nhsn_ecdc_hainet,hai_surveillance_2023
enterococcus_faecium,ward,asia,2023,0.62,0.37,0.93,cdc_nhsn_ecdc_hainet,hai_surveillance_2023
enterococcus_faecium,icu,africa,2023,1.75,1.05,2.62,cdc_nhsn_ecdc_hainet,hai_surveillance_2023
enterococcus_faecium,ward,africa,2023,0.73,0.44,1.09,cdc_nhsn_ecdc_hainet,hai_surveillance_2023
enterococcus_faecium,icu,south_america,2023,1.56,0.93,2.33,cdc_nhsn_ecdc_hainet,hai_surveillance_2023
enterococcus_faecium,ward,south_america,2023,0.65,0.39,0.97,cdc_nhsn_ecdc_hainet,hai_surveillance_2023
enterococcus_faecium,icu,oceania,2023,1.17,0.7,1.75,cdc_nhsn_ecdc_hainet,hai_surveillance_2023
enterococcus_faecium,ward,oceania,2023,0.49,0.29,0.73,cdc_nhsn_ecdc_hainet,hai_surveillance_2023
enterococcus_faecium,icu,north_america,2024,1.32,0.79,1.98,cdc_nhsn_ecdc_hainet,hai_surveillance_2024
enterococcus_faecium,ward,north_america,2024,0.55,0.33,0.83,cdc_nhsn_ecdc_hainet,hai_surveillance_2024
enterococcus_faecium,icu,europe,2024,1.12,0.67,1.68,cdc_nhsn_ecdc_hainet,hai_surveillance_2024
enterococcus_faecium,ward,europe,2024,0.47,0.28,0.7,cdc_nhsn_ecdc_hainet,hai_surveillance_2024
enterococcus_faecium,icu,asia,2024,1.52,0.91,2.28,cdc_nhsn_ecdc_hainet,hai_surveillance_2024
enterococcus_faecium,ward,asia,2024,0.63,0.38,0.95,cdc_nhsn_ecdc_hainet,hai_surveillance_2024
enterococcus_faecium,icu,africa,2024,1.78,1.07,2.67,cdc_nhsn_ecdc_hainet,hai_surveillance_2024
enterococcus_faecium,ward,africa,2024,0.74,0.45,1.11,cdc_nhsn_ecdc_hainet,hai_surveillance_2024
enterococcus_faecium,icu,south_america,2024,1.58,0.95,2.38,cdc_nhsn_ecdc_hainet,hai_surveillance_2024
enterococcus_faecium,ward,south_america,2024,0.66,0.4,0.99,cdc_nhsn_ecdc_hainet,hai_surveillance_2024
enterococcus_faecium,icu,oceania,2024,1.19,0.71,1.78,cdc_nhsn_ecdc_hainet,hai_surveillance_2024
enterococcus_faecium,ward,oceania,2024,0.5,0.3,0.74,cdc_nhsn_ecdc_hainet,hai_surveillance_2024
clostridioides_difficile,icu,north_america,2019,4.5,2.7,6.75,cdc_nhsn_ecdc_hainet,hai_surveillance_2019
clostridioides_difficile,ward,north_america,2019,2.8,1.68,4.2,cdc_nhsn_ecdc_hainet,hai_surveillance_2019
clostridioides_difficile,icu,europe,2019,3.82,2.29,5.74,cdc_nhsn_ecdc_hainet,hai_surveillance_2019
clostridioides_difficile,ward,europe,2019,2.38,1.43,3.57,cdc_nhsn_ecdc_hainet,hai_surveillance_2019
clostridioides_difficile,icu,asia,2019,5.17,3.1,7.76,cdc_nhsn_ecdc_hainet,hai_surveillance_2019
clostridioides_difficile,ward,asia,2019,3.22,1.93,4.83,cdc_nhsn_ecdc_hainet,hai_surveillance_2019
clostridioides_difficile,icu,africa,2019,6.08,3.65,9.11,cdc_nhsn_ecdc_hainet,hai_surveillance_2019
clostridioides_difficile,ward,africa,2019,3.78,2.27,5.67,cdc_nhsn_ecdc_hainet,hai_surveillance_2019
clostridioides_difficile,icu,south_america,2019,5.4,3.24,8.1,cdc_nhsn_ecdc_hainet,hai_surveillance_2019
clostridioides_difficile,ward,south_america,2019,3.36,2.02,5.04,cdc_nhsn_ecdc_hainet,hai_surveillance_2019
clostridioides_difficile,icu,oceania,2019,4.05,2.43,6.07,cdc_nhsn_ecdc_hainet,hai_surveillance_2019
clostridioides_difficile,ward,oceania,2019,2.52,1.51,3.78,cdc_nhsn_ecdc_hainet,hai_surveillance_2019
clostridioides_difficile,icu,north_america,2020,4.46,2.67,6.68,cdc_nhsn_ecdc_hainet,hai_surveillance_2020
clostridioides_difficile,ward,north_america,2020,2.77,1.66,4.16,cdc_nhsn_ecdc_hainet,hai_surveillance_2020
clostridioides_difficile,icu,europe,2020,3.79,2.27,5.68,cdc_nhsn_ecdc_hainet,hai_surveillance_2020
clostridioides_difficile,ward,europe,2020,2.36,1.41,3.53,cdc_nhsn_ecdc_hainet,hai_surveillance_2020
clostridioides_difficile,icu,asia,2020,5.12,3.07,7.68,cdc_nhsn_ecdc_hainet,hai_surveillance_2020
clostridioides_difficile,ward,asia,2020,3.19,1.91,4.78,cdc_nhsn_ecdc_hainet,hai_surveillance_2020
clostridioides_difficile,icu,africa,2020,6.01,3.61,9.02,cdc_nhsn_ecdc_hainet,hai_surveillance_2020
clostridioides_difficile,ward,africa,2020,3.74,2.25,5.61,cdc_nhsn_ecdc_hainet,hai_surveillance_2020
clostridioides_difficile,icu,south_america,2020,5.35,3.21,8.02,cdc_nhsn_ecdc_hainet,hai_surveillance_2020
clostridioides_difficile,ward,south_america,2020,3.33,2.0,4.99,cdc_nhsn_ecdc_hainet,hai_surveillance_2020
clostridioides_difficile,icu,oceania,2020,4.01,2.41,6.01,cdc_nhsn_ecdc_hainet,hai_surveillance_2020
clostridioides_difficile,ward,oceania,2020,2.49,1.5,3.74,cdc_nhsn_ecdc_hainet,hai_surveillance_2020
clostridioides_difficile,icu,north_america,2021,4.41,2.65,6.62,cdc_nhsn_ecdc_hainet,hai_surveillance_2021
clostridioides_difficile,ward,north_america,2021,2.74,1.65,4.12,cdc_nhsn_ecdc_hainet,hai_surveillance_2021
clostridioides_difficile,icu,europe,2021,3.75,2.25,5.62,cdc_nhsn_ecdc_hainet,hai_surveillance_2021
clostridioides_difficile,ward,europe,2021,2.33,1.4,3.5,cdc_nhsn_ecdc_hainet,hai_surveillance_2021
clostridioides_difficile,icu,asia,2021,5.07,3.04,7.61,cdc_nhsn_ecdc_hainet,hai_surveillance_2021
clostridioides_difficile,ward,asia,2021,3.16,1.89,4.73,cdc_nhsn_ecdc_hainet,hai_surveillance_2021
clostridioides_difficile,icu,africa,2021,5.95,3.57,8.93,cdc_nhsn_ecdc_hainet,hai_surveillance_2021
clostridioides_difficile,ward,africa,2021,3.7,2.22,5.56,cdc_nhsn_ecdc_hainet,hai_surveillance_2021
clostridioides_difficile,icu,south_america,2021,5.29,3.18,7.94,cdc_nhsn_ecdc_hainet,hai_surveillance_2021
clostridioides_difficile,ward,south_america,2021,3.29,1.98,4.94,cdc_nhsn_ecdc_hainet,hai_surveillance_2021
clostridioides_difficile,icu,oceania,2021,3.97,2.38,5.95,cdc_nhsn_ecdc_hainet,hai_surveillance_2021
clostridioides_difficile,ward,oceania,2021,2.47,1.48,3.7,cdc_nhsn_ecdc_hainet,hai_surveillance_2021
clostridioides_difficile,icu,north_america,2022,4.37,2.62,6.55,cdc_nhsn_ecdc_hainet,hai_surveillance_2022
clostridioides_difficile,ward,north_america,2022,2.72,1.63,4.07,cdc_nhsn_ecdc_hainet,hai_surveillance_2022
clostridioides_difficile,icu,europe,2022,3.71,2.23,5.57,cdc_nhsn_ecdc_hainet,hai_surveillance_2022
clostridioides_difficile,ward,europe,2022,2.31,1.39,3.46,cdc_nhsn_ecdc_hainet,hai_surveillance_2022
clostridioides_difficile,icu,asia,2022,5.02,3.01,7.53,cdc_nhsn_ecdc_hainet,hai_surveillance_2022
clostridioides_difficile,ward,asia,2022,3.12,1.87,4.69,cdc_nhsn_ecdc_hainet,hai_surveillance_2022
clostridioides_difficile,icu,africa,2022,5.89,3.54,8.84,cdc_nhsn_ecdc_hainet,hai_surveillance_2022
clostridioides_difficile,ward,africa,2022,3.67,2.2,5.5,cdc_nhsn_ecdc_hainet,hai_surveillance_2022
clostridioides_difficile,icu,south_america,2022,5.24,3.14,7.86,cdc_nhsn_ecdc_hainet,hai_surveillance_2022
clostridioides_difficile,ward,south_america,2022,3.26,1.96,4.89,cdc_nhsn_ecdc_hainet,hai_surveillance_2022
clostridioides_difficile,icu,oceania,2022,3.93,2.36,5.89,cdc_nhsn_ecdc_hainet,hai_surveillance_2022
clostridioides_difficile,ward,oceania,2022,2.44,1.47,3.67,cdc_nhsn_ecdc_hainet,hai_surveillance_2022
clostridioides_difficile,icu,north_america,2023,4.32,2.59,6.48,cdc_nhsn_ecdc_hainet,hai_surveillance_2023
clostridioides_difficile,ward,north_america,2023,2.69,1.61,4.03,cdc_nhsn_ecdc_hainet,hai_surveillance_2023
clostridioides_difficile,icu,europe,2023,3.67,2.2,5.51,cdc_nhsn_ecdc_hainet,hai_surveillance_2023
clostridioides_difficile,ward,europe,2023,2.28,1.37,3.43,cdc_nhsn_ecdc_hainet,hai_surveillance_2023
clostridioides_difficile,icu,asia,2023,4.97,2.98,7.45,cdc_nhsn_ecdc_hainet,hai_surveillance_2023
clostridioides_difficile,ward,asia,2023,3.09,1.85,4.64,cdc_nhsn_ecdc_hainet,hai_surveillance_2023
clostridioides_difficile,icu,africa,2023,5.83,3.5,8.75,cdc_nhsn_ecdc_hainet,hai_surveillance_2023
clostridioides_difficile,ward,africa,2023,3.63,2.18,5.44,cdc_nhsn_ecdc_hainet,hai_surveillance_2023
clostridioides_difficile,icu,south_america,2023,5.18,3.11,7.78,cdc_nhsn_ecdc_hainet,hai_surveillance_2023
clostridioides_difficile,ward,south_america,2023,3.23,1.94,4.84,cdc_nhsn_ecdc_hainet,hai_surveillance_2023
clostridioides_difficile,icu,oceania,2023,3.89,2.33,5.83,cdc_nhsn_ecdc_hainet,hai_surveillance_2023
clostridioides_difficile,ward,oceania,2023,2.42,1.45,3.63,cdc_nhsn_ecdc_hainet,hai_surveillance_2023
clostridioides_difficile,icu,north_america,2024,4.27,2.56,6.41,cdc_nhsn_ecdc_hainet,hai_surveillance_2024
clostridioides_difficile,ward,north_america,2024,2.66,1.6,3.99,cdc_nhsn_ecdc_hainet,hai_surveillance_2024
clostridioides_difficile,icu,europe,2024,3.63,2.18,5.45,cdc_nhsn_ecdc_hainet,hai_surveillance_2024
clostridioides_difficile,ward,europe,2024,2.26,1.36,3.39,cdc_nhsn_ecdc_hainet,hai_surveillance_2024
clostridioides_difficile,icu,asia,2024,4.92,2.95,7.37,cdc_nhsn_ecdc_hainet,hai_surveillance_2024
clostridioides_difficile,ward,asia,2024,3.06,1.84,4.59,cdc_nhsn_ecdc_hainet,hai_surveillance_2024
clostridioides_difficile,icu,africa,2024,5.77,3.46,8.66,cdc_nhsn_ecdc_hainet,hai_surveillance_2024
clostridioides_difficile,ward,africa,2024,3.59,2.15,5.39,cdc_nhsn_ecdc_hainet,hai_surveillance_2024
clostridioides_difficile,icu,south_america,2024,5.13,3.08,7.69,cdc_nhsn_ecdc_hainet,hai_surveillance_2024
clostridioides_difficile,ward,south_america,2024,3.19,1.92,4.79,cdc_nhsn_ecdc_hainet,hai_surveillance_2024
clostridioides_difficile,icu,oceania,2024,3.85,2.31,5.77,cdc_nhsn_ecdc_hainet,hai_surveillance_2024
clostridioides_difficile,ward,oceania,2024,2.39,1.44,3.59,cdc_nhsn_ecdc_hainet,hai_surveillance_2024
