timestamp,population_size,time_steps,duration_seconds
2025-07-16 15:33:29 UTC,3000,7500,238.767
2025-07-16 15:36:45 UTC,3000,365,8.298
2025-07-16 15:44:14 UTC,3000,3650,156.487
2025-07-16 16:10:44 UTC,3000,3650,106.737
2025-07-16 16:29:01 UTC,3000,3650,238.383
2025-07-16 16:39:28 UTC,3000,365,7.954
2025-07-16 16:42:12 UTC,3000,3650,105.501
2025-07-16 16:46:57 UTC,30000,365,88.142
2025-07-16 16:53:46 UTC,100000,365,334.243
2025-07-16 17:01:48 UTC,10000,365,70.199
2025-07-16 17:07:01 UTC,300000,30,85.450
2025-07-16 17:19:33 UTC,1000000,60,641.458
2025-07-16 17:27:50 UTC,300000,60,186.291
2025-07-16 17:30:50 UTC,100000,60,66.176
2025-07-16 17:32:49 UTC,100000,60,60.171
2025-07-16 17:37:28 UTC,100000,60,132.942
2025-07-17 07:40:41 UTC,10000,10000,1980.378
2025-07-17 09:26:04 UTC,10000,100,7.058
2025-07-17 09:36:49 UTC,1000,30100,460.034
2025-07-17 12:12:46 UTC,500000,60,264.736
2025-07-17 12:51:21 UTC,1000,30000,1035.295
2025-07-17 13:09:16 UTC,100000,90,72.910
2025-07-17 13:58:27 UTC,100000,365,550.221
2025-07-17 14:05:13 UTC,10000,2000,174.741
2025-07-17 14:44:04 UTC,10000,200,149.832
2025-07-17 15:08:34 UTC,10000,1500,153.704
2025-07-17 15:46:56 UTC,10000,150,10.731
2025-07-17 15:58:49 UTC,10000,150,79.784
2025-07-17 16:05:03 UTC,10000,150,11.023
2025-07-17 16:05:52 UTC,10000,150,10.686
2025-07-17 16:21:21 UTC,10000,150,11.179
2025-07-17 16:38:08 UTC,10000,150,10.300
2025-07-17 17:01:00 UTC,10000,150,10.616
2025-07-17 17:01:20 UTC,10000,150,11.275
2025-07-17 17:02:55 UTC,10000,150,11.475
2025-07-17 17:03:00 UTC,10000,2,0.168
2025-07-17 17:04:16 UTC,10000,2,0.142
2025-07-17 18:57:30 UTC,30000,32000,6534.927
2025-07-18 07:34:36 UTC,10000,36,2.295
2025-07-18 07:39:44 UTC,10000,3650,295.071
2025-07-18 08:36:55 UTC,3000,3650,78.501
2025-07-18 10:21:57 UTC,1000,3650,23.255
2025-07-18 10:30:28 UTC,1000,3650,23.450
2025-07-18 10:56:05 UTC,1000,3650,22.963
2025-07-18 11:05:57 UTC,30000,730,394.039
2025-07-18 11:16:48 UTC,10000,1000,217.572
2025-07-18 11:23:31 UTC,10000,1000,101.263
2025-07-18 11:30:56 UTC,10000,3000,361.390
2025-07-18 11:44:05 UTC,10000,3000,269.309
2025-07-18 12:07:59 UTC,10000,6000,630.788
2025-07-18 12:29:57 UTC,10000,6,0.373
2025-07-18 12:42:45 UTC,10000,6,0.378
2025-07-18 13:10:39 UTC,10000,10000,1547.622
2025-07-18 14:08:47 UTC,3000,32000,1420.422
2025-07-18 14:42:47 UTC,3000,320,6.299
2025-07-18 14:46:06 UTC,3000,320,6.180
2025-07-18 14:50:21 UTC,3000,3650,169.639
2025-07-18 16:01:03 UTC,100000,3650,4146.564
2025-07-18 20:06:32 UTC,30000,32000,11385.567
2025-07-19 10:39:59 UTC,3000,3650,125.891
2025-07-19 10:59:35 UTC,3000,3650,110.832
2025-07-19 11:20:11 UTC,3000,16000,567.599
2025-07-19 11:48:30 UTC,3000,16000,807.712
2025-07-19 12:08:50 UTC,3000,16000,880.754
2025-07-19 12:34:04 UTC,3000,16000,543.408
2025-07-19 15:39:10 UTC,3000,16000,10728.969
2025-07-19 17:33:44 UTC,3000,1600,64.156
2025-07-19 17:39:24 UTC,3000,1830,40.946
2025-07-19 17:44:23 UTC,3000,8000,205.404
2025-07-19 18:02:11 UTC,10000,8000,920.538
2025-07-19 19:36:50 UTC,30000,16000,5283.011
2025-07-20 07:19:43 UTC,3000,8000,220.031
2025-07-20 07:29:13 UTC,3000,8000,347.730
2025-07-20 07:51:39 UTC,3000,8000,210.611
2025-07-20 07:58:42 UTC,3000,8000,217.164
2025-07-20 08:42:34 UTC,30000,8000,2558.564
2025-07-20 12:59:50 UTC,3000,8000,155.400
2025-07-20 13:06:32 UTC,3000,8000,58.087
2025-07-20 13:20:32 UTC,3000,8000,259.501
2025-07-20 13:29:45 UTC,1000,32000,371.939
2025-07-20 13:51:25 UTC,10000,8000,926.128
2025-07-20 14:05:51 UTC,10000,8000,603.477
2025-07-20 14:59:03 UTC,10000,32000,2835.625
2025-07-20 15:09:07 UTC,10000,300,19.572
2025-07-20 15:10:46 UTC,10000,1000,51.600
2025-07-20 15:26:19 UTC,10000,3650,431.314
2025-07-20 15:45:51 UTC,10000,3650,558.150
2025-07-20 16:26:25 UTC,10000,3650,599.132
2025-07-20 22:25:27 UTC,50000,32000,21318.963
2025-07-21 06:50:45 UTC,10000,3650,510.223
2025-07-21 07:01:01 UTC,3000,36,0.934
2025-07-21 07:11:21 UTC,3000,3650,282.686
2025-07-21 07:24:11 UTC,10000,3650,495.249
2025-07-21 08:04:26 UTC,10000,7300,1446.608
2025-07-21 08:25:13 UTC,3000,1000,28.580
2025-07-21 08:32:19 UTC,3000,1000,3.907
2025-07-21 08:34:21 UTC,3000,1000,29.925
2025-07-21 08:36:47 UTC,3000,1000,30.299
2025-07-21 12:22:11 UTC,30000,35000,13323.412
2025-07-21 14:54:40 UTC,3000,35,0.905
2025-07-21 15:24:22 UTC,3000,1830,57.669
2025-07-21 15:29:32 UTC,3000,1830,56.317
2025-07-21 15:34:56 UTC,3000,1830,104.985
2025-07-21 15:49:51 UTC,10000,1830,292.529
2025-07-21 17:20:28 UTC,10000,1830,298.704
2025-07-21 19:53:31 UTC,10000,35000,5154.414
2025-07-22 07:56:08 UTC,3000,365,10.249
2025-07-22 16:54:22 UTC,3000,5000,186.380
2025-07-22 17:05:14 UTC,3000,5000,216.801
2025-07-22 17:17:14 UTC,3000,5000,245.272
2025-07-22 17:26:45 UTC,3000,365,9.272
2025-07-22 17:34:04 UTC,3000,365,8.954
2025-07-22 17:40:05 UTC,3000,365,9.764
2025-07-22 17:46:39 UTC,3000,365,14.059
2025-07-23 06:40:38 UTC,3000,365,9.130
2025-07-23 07:53:01 UTC,3000,4000,211.257
2025-07-27 07:17:45 UTC,3000,400,11.631
2025-07-27 07:43:19 UTC,10000,365,36.001
2025-07-27 07:48:21 UTC,10000,365,58.253
2025-07-27 07:56:42 UTC,30000,365,126.421
2025-07-27 08:02:30 UTC,30000,365,284.142
2025-07-27 08:17:28 UTC,3000,16000,771.600
2025-07-27 08:23:25 UTC,3000,365,16.138
2025-07-27 08:30:08 UTC,3000,365,16.807
2025-07-27 08:30:32 UTC,3000,365,17.450
2025-07-27 08:37:46 UTC,3000,365,15.031
2025-07-27 08:46:51 UTC,3000,365,13.223
2025-07-27 08:49:12 UTC,3000,365,8.728
2025-07-27 08:52:15 UTC,3000,365,8.379
2025-07-27 10:19:20 UTC,10000,32,3.016
2025-07-27 12:52:19 UTC,10000,32,2.927
2025-07-27 13:03:49 UTC,10000,32,3.105
2025-07-27 13:17:00 UTC,10000,32,3.086
2025-07-27 13:23:36 UTC,10000,32,3.072
2025-07-27 13:43:44 UTC,10000,32,3.063
2025-07-27 13:44:22 UTC,10000,32,3.098
2025-07-27 13:47:48 UTC,10000,32,3.128
2025-07-27 13:51:43 UTC,10000,32,3.057
2025-07-27 13:54:58 UTC,10000,32,3.119
2025-07-27 14:47:37 UTC,3000,17500,1045.339
2025-07-27 16:07:24 UTC,3000,17500,826.839
2025-07-27 17:53:38 UTC,3000,350,9.932
2025-07-27 22:08:15 UTC,30000,37000,14255.463
2025-07-28 07:39:07 UTC,1000,3700,54.073
2025-07-28 08:06:50 UTC,1000,3700,118.727
2025-07-28 11:32:20 UTC,3000,37,1.052
2025-07-28 11:42:17 UTC,3000,37,1.081
2025-07-30 15:02:19 UTC,3000,37,1.045
2025-07-30 15:15:57 UTC,3000,37,1.037
2025-07-30 15:19:40 UTC,3000,37,1.100
2025-07-30 15:38:04 UTC,3000,37,1.044
2025-07-30 15:40:41 UTC,3000,37,1.108
2025-07-30 15:40:58 UTC,3000,37,1.093
2025-07-30 15:42:49 UTC,3000,37,1.139
2025-07-30 15:56:00 UTC,3000,37,1.080
2025-07-30 16:12:04 UTC,3000,37,1.038
2025-07-30 16:22:14 UTC,3000,37,1.031
2025-07-30 16:23:22 UTC,3000,37,1.025
2025-07-30 16:40:39 UTC,3000,37,0.971
2025-07-30 16:49:25 UTC,3000,37,0.981
2025-08-01 14:28:43 UTC,3000,1000,35.081
2025-08-01 14:30:40 UTC,3000,1000,34.151
2025-08-01 15:06:31 UTC,3000,1000,34.058
2025-08-01 15:41:50 UTC,3000,1000,34.245
2025-08-01 15:48:13 UTC,3000,1000,35.972
2025-08-01 15:49:53 UTC,3000,1000,38.958
2025-08-01 15:59:06 UTC,3000,1000,2.262
2025-08-01 16:07:07 UTC,3000,1000,3.930
2025-08-01 16:15:30 UTC,3000,1000,3.815
2025-08-01 16:18:18 UTC,3000,1000,3.798
2025-08-01 16:37:01 UTC,3000,1000,4.225
2025-08-01 16:38:06 UTC,3000,1000,3.043
2025-08-01 16:38:27 UTC,3000,1000,3.140
2025-08-01 16:49:31 UTC,3000,1000,2.928
2025-08-01 16:53:47 UTC,3000,1000,2.992
2025-08-01 16:56:02 UTC,3000,1000,1.254
2025-08-01 17:18:52 UTC,3000,1000,1.418
2025-08-01 17:30:38 UTC,3000,1000,1.245
2025-08-02 08:28:25 UTC,3000,1000,1.135
2025-08-02 08:30:38 UTC,3000,1000,1.194
2025-08-02 08:31:27 UTC,10000,1000,3.702
2025-08-02 08:36:29 UTC,10000,1000,3.764
2025-08-02 08:38:00 UTC,10000,1000,3.830
2025-08-02 08:39:50 UTC,10000,1000,3.863
2025-08-02 08:41:13 UTC,10000,1000,4.100
2025-08-02 10:03:16 UTC,10000,1000,6.244
2025-08-02 12:21:56 UTC,10000,18000,3837.354
2025-08-02 13:37:21 UTC,1000,18000,298.927
2025-08-02 16:16:00 UTC,10000,37000,6824.245
2025-08-02 18:48:04 UTC,10000,37000,6686.855
2025-08-03 15:54:22 UTC,300000,300,1841.300
2025-08-04 14:03:46 UTC,300000,300,2355.398
2025-08-04 16:17:10 UTC,500000,274,3625.374
2025-08-04 18:54:21 UTC,1000,37,4.293
2025-08-06 06:00:45 UTC,1000,37,3.821
2025-08-06 07:08:30 UTC,1000,300,34.567
2025-08-06 07:15:53 UTC,3000,300,39.994
2025-08-06 07:34:58 UTC,3000,300,41.166
2025-08-06 07:42:43 UTC,3000,300,41.696
2025-08-06 07:53:54 UTC,3000,300,142.117
2025-08-06 08:23:03 UTC,3000,300,40.028
2025-08-06 08:38:54 UTC,3000,300,10.384
2025-08-06 08:39:30 UTC,3000,300,10.574
2025-08-06 08:45:18 UTC,3000,300,10.629
2025-08-06 11:45:52 UTC,3000,300,9.699
2025-08-06 12:36:40 UTC,3000,300,9.911
2025-08-06 12:51:54 UTC,3000,300,10.168
2025-08-06 13:03:08 UTC,3000,300,10.371
2025-08-06 13:03:49 UTC,3000,300,10.400
2025-08-06 13:10:53 UTC,3000,300,9.943
2025-08-06 13:37:45 UTC,3000,300,17.443
2025-08-06 13:51:30 UTC,3000,300,14.877
2025-08-06 13:53:13 UTC,3000,300,9.857
2025-08-06 15:02:37 UTC,300000,300,1632.011
2025-08-06 17:16:09 UTC,3000,300,45.157
2025-08-06 17:18:57 UTC,3000,30,6.194
2025-08-06 17:22:43 UTC,10000,183,39.696
2025-08-06 17:34:29 UTC,20000,120,110.123
2025-08-07 10:31:21 UTC,3000,7300,405.017
2025-08-07 10:42:24 UTC,3000,7300,416.732
2025-08-07 10:58:05 UTC,3000,100,5.102
2025-08-07 11:03:08 UTC,3000,100,5.090
2025-08-07 11:35:55 UTC,3000,100,5.815
2025-08-07 11:41:30 UTC,3000,100,5.824
2025-08-07 11:58:08 UTC,3000,7300,357.005
2025-08-07 12:10:28 UTC,3000,7300,376.939
2025-08-07 12:53:17 UTC,300000,300,1674.586
2025-08-07 13:12:39 UTC,3000,7300,412.293
2025-08-07 14:39:18 UTC,500,35000,289.574
2025-08-07 15:18:17 UTC,2000,35000,1174.022
2025-08-07 16:18:20 UTC,2000,35000,1942.450
2025-08-07 18:15:36 UTC,2000,35000,1280.930
2025-08-07 19:40:40 UTC,5000,35000,4354.194
2025-08-08 05:58:52 UTC,500,10000,98.594
2025-08-08 07:37:21 UTC,500,3000,41.339
2025-08-08 08:18:38 UTC,500,3000,37.724
2025-08-08 08:42:31 UTC,500,3000,41.069
2025-08-08 08:46:54 UTC,500,3000,47.496
2025-08-08 09:10:28 UTC,500,3000,43.938
2025-08-08 10:07:24 UTC,200,35000,396.627
2025-08-08 10:44:32 UTC,2000,5000,409.140
2025-08-08 12:12:17 UTC,30000,7300,4495.590
2025-08-08 14:35:24 UTC,500,10000,147.122
2025-08-08 14:58:42 UTC,500,10000,297.908
2025-08-08 15:03:41 UTC,500,1000,12.832
2025-08-08 15:06:32 UTC,500,1000,13.065
2025-08-08 15:48:08 UTC,2000,5000,179.308
2025-08-08 16:06:09 UTC,10000,5000,888.266
2025-08-08 17:14:58 UTC,1000,50,0.537
2025-08-08 17:36:15 UTC,2000,5000,128.510
2025-08-08 17:44:29 UTC,2000,5000,146.748
2025-08-08 18:27:37 UTC,2000,5000,132.498
2025-08-08 18:41:12 UTC,2000,5000,130.981
2025-08-08 18:46:49 UTC,2000,5000,133.625
2025-08-09 06:41:57 UTC,2000,5000,139.117
2025-08-09 07:03:44 UTC,2000,5000,121.111
2025-08-09 07:40:02 UTC,2000,5000,229.144
2025-08-09 07:48:03 UTC,2000,5000,278.092
2025-08-09 07:57:44 UTC,2000,5000,123.932
2025-08-09 08:05:59 UTC,2000,5000,143.308
2025-08-09 08:16:18 UTC,2000,5000,140.556
2025-08-09 08:22:52 UTC,2000,5000,280.223
2025-08-09 08:27:32 UTC,2000,5000,145.038
2025-08-09 08:34:02 UTC,2000,5000,143.108
2025-08-09 08:37:25 UTC,2000,5000,143.177
2025-08-09 08:44:38 UTC,2000,5000,122.006
2025-08-09 08:51:52 UTC,2000,5000,129.589
2025-08-09 09:01:45 UTC,2000,5000,133.838
2025-08-09 11:02:38 UTC,2000,5000,175.847
2025-08-09 16:32:53 UTC,30000,35000,15360.497
2025-08-10 06:50:56 UTC,5000,35000,1253.662
2025-08-10 08:46:09 UTC,5000,35000,2556.119
2025-08-10 16:08:44 UTC,5000,35000,3284.109
2025-08-10 18:47:56 UTC,5000,35000,2690.601
2025-08-11 15:15:19 UTC,2000,300,6.775
2025-08-11 15:35:54 UTC,500,6000,39.587
2025-08-11 15:50:44 UTC,500,6000,38.642
2025-08-11 15:54:31 UTC,500,6000,42.918
2025-08-11 17:50:02 UTC,5000,35000,2806.031
2025-08-12 12:29:19 UTC,10000,6000,2649.989
2025-08-12 14:12:18 UTC,30000,4000,4057.801
2025-08-12 14:39:52 UTC,2000,400,9.333
2025-08-12 14:44:24 UTC,2000,300,6.474
2025-08-12 14:45:33 UTC,2000,300,6.836
2025-08-12 14:47:41 UTC,2000,300,6.656
2025-08-12 14:57:52 UTC,2000,300,6.440
2025-08-12 15:14:04 UTC,5000,300,16.223
2025-08-12 15:26:42 UTC,2000,200,4.696
2025-08-12 15:46:36 UTC,500,6000,99.598
2025-08-12 15:54:48 UTC,2000,5000,148.107
2025-08-12 17:16:08 UTC,2000,5000,199.509
2025-08-13 05:54:36 UTC,2000,5000,225.598
2025-08-13 09:17:10 UTC,100000,600,1078.456
2025-08-13 13:24:29 UTC,100000,3000,12486.827
2025-08-13 15:47:28 UTC,500,1000,8.824
2025-08-13 16:22:04 UTC,10000,1500,192.702
2025-08-13 16:28:41 UTC,10000,1500,214.673
2025-08-13 17:01:37 UTC,30000,1200,553.350
2025-08-14 09:45:14 UTC,5000,1200,88.328
2025-08-14 10:27:47 UTC,10000,1200,175.634
2025-08-14 11:06:36 UTC,30000,1200,591.525
2025-08-14 12:08:14 UTC,30000,1200,664.370
2025-08-14 12:35:01 UTC,30000,1200,1008.860
2025-08-14 13:50:57 UTC,3000,2000,87.436
2025-08-14 14:03:06 UTC,3000,2000,119.439
2025-08-14 14:35:24 UTC,30000,2000,1014.210
2025-08-14 15:56:11 UTC,50000,3000,3526.445
2025-08-14 16:41:41 UTC,10000,3000,631.822
2025-08-14 16:58:08 UTC,10000,2000,295.678
2025-08-14 17:34:39 UTC,10000,2000,338.014
2025-08-14 19:07:41 UTC,30000,10000,4836.239
2025-08-15 10:00:00 UTC,3000,1500,63.315
2025-08-15 11:22:25 UTC,3000,1500,56.628
2025-08-15 11:28:54 UTC,3000,1500,61.425
2025-08-15 12:04:12 UTC,3000,1500,58.908
2025-08-15 12:13:05 UTC,3000,1500,60.268
2025-08-15 12:26:51 UTC,3000,1500,65.117
2025-08-15 14:51:02 UTC,3000,1500,60.651
2025-08-15 14:58:37 UTC,3000,1500,65.353
2025-08-15 15:07:54 UTC,3000,1500,63.427
2025-08-16 08:41:43 UTC,3000,1500,60.256
2025-08-16 08:50:31 UTC,3000,1500,87.367
2025-08-16 09:06:20 UTC,3000,1500,143.645
2025-08-16 10:02:40 UTC,3000,1500,63.680
2025-08-16 10:17:28 UTC,3000,1500,68.648
2025-08-16 10:44:20 UTC,3000,1500,174.692
2025-08-16 10:51:49 UTC,3000,1500,68.693
2025-08-16 11:13:34 UTC,3000,1500,68.426
2025-08-16 13:10:25 UTC,3000,35000,2959.707
2025-08-16 17:58:30 UTC,3000,10000,531.650
2025-08-16 20:13:53 UTC,10000,35000,5315.019
2025-08-17 07:00:58 UTC,2000,3000,84.575
2025-08-17 07:34:40 UTC,3000,10000,545.356
2025-08-17 14:30:44 UTC,3000,10000,685.327
2025-08-17 21:19:07 UTC,100000,17000,23947.332
2025-08-18 15:19:26 UTC,3000,1000,67.594
2025-08-18 15:33:13 UTC,3000,1000,41.310
2025-08-18 15:42:06 UTC,3000,4000,293.067
2025-08-18 15:54:03 UTC,3000,4000,157.185
2025-08-18 16:04:42 UTC,1000,3000,39.227
2025-08-18 17:49:21 UTC,500,7000,46.408
2025-08-18 17:59:51 UTC,500,7000,43.709
2025-08-18 18:07:06 UTC,500,7000,46.561
2025-08-19 06:15:07 UTC,3000,3000,138.406
2025-08-19 07:01:55 UTC,3000,3000,133.713
2025-08-19 07:09:50 UTC,3000,3000,133.096
2025-08-19 07:13:09 UTC,3000,3000,154.853
2025-08-19 07:21:22 UTC,3000,3000,136.488
2025-08-19 07:24:50 UTC,3000,1500,62.277
2025-08-19 07:31:13 UTC,3000,1500,109.849
2025-08-19 07:40:29 UTC,3000,1500,71.498
2025-08-19 07:43:44 UTC,3000,1500,110.691
2025-08-19 07:49:10 UTC,3000,1500,112.849
2025-08-19 07:52:05 UTC,3000,1500,110.994
2025-08-19 07:58:45 UTC,3000,1500,109.545
2025-08-19 08:05:51 UTC,3000,1500,112.741
2025-08-19 08:10:46 UTC,3000,1500,102.350
2025-08-19 08:16:06 UTC,3000,1500,98.870
2025-08-19 08:23:41 UTC,3000,3000,201.180
2025-08-19 09:52:34 UTC,3000,15000,735.185
2025-08-19 12:05:26 UTC,2000,8000,536.642
2025-08-19 12:11:01 UTC,2000,5000,196.590
2025-08-19 12:30:49 UTC,2000,8000,227.000
2025-08-19 12:55:59 UTC,2000,8000,508.312
2025-08-19 13:52:02 UTC,2000,8000,487.109
2025-08-19 14:04:31 UTC,2000,8000,366.576
2025-08-19 14:15:14 UTC,1000,8000,351.937
2025-08-19 14:26:36 UTC,1000,8000,289.470
2025-08-19 14:33:45 UTC,1000,2000,95.498
2025-08-19 14:40:16 UTC,1000,2000,244.637
2025-08-19 14:44:24 UTC,1000,2000,188.853
2025-08-19 15:07:26 UTC,1000,2000,47.651
2025-08-19 16:34:39 UTC,1000,2000,46.015
2025-08-19 16:43:51 UTC,1000,2000,47.966
2025-08-19 16:58:16 UTC,1000,2000,107.229
2025-08-19 17:20:15 UTC,1000,2000,44.825
2025-08-19 17:31:20 UTC,1000,10000,214.044
2025-08-20 05:52:02 UTC,1000,10000,347.428
2025-08-20 09:00:19 UTC,1000,1000,45.013
2025-08-20 09:55:13 UTC,1000,3000,77.999
2025-08-20 10:02:38 UTC,1000,3000,78.567
2025-08-20 12:23:35 UTC,1000,3000,129.764
2025-08-20 13:17:43 UTC,1000,3000,127.535
2025-08-20 13:38:49 UTC,2000,5000,372.129
2025-08-20 14:32:48 UTC,2000,5000,321.539
2025-08-20 15:04:16 UTC,2000,5000,374.245
2025-08-20 15:20:38 UTC,2000,5000,329.561
2025-08-20 15:38:56 UTC,2000,5000,316.456
2025-08-20 16:10:31 UTC,3000,10000,1574.810
2025-08-20 18:25:01 UTC,3000,1000,73.006
2025-08-21 06:28:31 UTC,10000,18000,4825.709
2025-08-21 08:15:36 UTC,2000,18000,1236.593
2025-08-21 10:19:30 UTC,2000,18000,1128.434
2025-08-21 11:27:58 UTC,2000,10000,681.827
2025-08-21 12:04:13 UTC,1000,3000,43.532
2025-08-21 12:07:08 UTC,1000,3000,79.363
2025-08-21 12:16:48 UTC,1000,3000,212.665
2025-08-21 12:30:06 UTC,2000,500,26.277
2025-08-21 12:57:23 UTC,2000,1000,43.189
2025-08-21 13:13:14 UTC,2000,1000,43.371
2025-08-21 13:53:05 UTC,2000,1000,78.295
2025-08-21 14:30:40 UTC,2000,18000,1835.218
2025-08-21 16:44:29 UTC,1000,3000,72.466
2025-08-21 16:49:18 UTC,1000,3000,71.081
2025-08-21 20:46:51 UTC,30000,18000,11101.891
2025-08-22 05:22:27 UTC,5000,10000,852.819
2025-08-22 06:19:27 UTC,10000,3500,675.540
2025-08-22 07:35:48 UTC,20000,3500,2245.176
2025-08-22 11:57:46 UTC,5000,1000,218.750
2025-08-22 12:15:45 UTC,5000,1000,106.579
2025-08-22 12:31:41 UTC,5000,1000,83.947
2025-08-22 12:42:00 UTC,5000,1000,85.164
2025-08-22 12:50:10 UTC,5000,1000,82.563
2025-08-22 12:55:58 UTC,5000,1000,90.154
2025-08-22 13:00:20 UTC,5000,1000,88.417
2025-08-22 13:38:37 UTC,30000,3500,2026.969
2025-08-23 09:08:45 UTC,1000,500,11.160
2025-08-23 09:28:41 UTC,10000,3500,636.755
2025-08-23 10:56:09 UTC,30000,3500,2568.557
2025-08-23 12:07:31 UTC,30000,3500,2668.248
2025-08-23 13:39:06 UTC,3000,3500,228.673
2025-08-23 13:46:02 UTC,3000,3500,194.368
2025-08-23 14:26:47 UTC,30000,3500,1773.122
2025-08-23 15:57:54 UTC,3000,3500,262.893
2025-08-23 16:15:11 UTC,3000,3500,198.452
2025-08-23 16:22:11 UTC,3000,3500,202.060
2025-08-23 17:35:46 UTC,3000,3500,196.753
2025-08-23 17:46:27 UTC,3000,3500,287.246
2025-08-23 17:57:41 UTC,3000,3500,332.908
2025-08-23 18:04:42 UTC,3000,3500,198.996
2025-08-23 18:13:35 UTC,3000,3500,203.951
2025-08-24 07:25:59 UTC,3000,1800,154.418
2025-08-24 07:34:27 UTC,3000,1800,316.598
2025-08-24 07:44:38 UTC,3000,1800,115.907
2025-08-24 07:53:24 UTC,3000,1800,124.202
2025-08-24 08:02:02 UTC,3000,1800,118.030
2025-08-24 08:32:59 UTC,10000,3500,1001.180
2025-08-24 14:21:46 UTC,30000,35000,20240.899
2025-08-25 08:54:37 UTC,3000,1000,58.082
2025-08-25 09:20:16 UTC,3000,1000,53.155
2025-08-25 09:43:25 UTC,1000,3000,79.401
2025-08-25 10:16:56 UTC,1000,3000,68.576
2025-08-25 11:54:51 UTC,2000,18000,1024.136
2025-08-25 12:10:11 UTC,2000,3000,141.509
2025-08-25 12:29:07 UTC,2000,3000,93.295
2025-08-25 12:33:39 UTC,2000,3000,130.074
2025-08-25 12:57:08 UTC,2000,3000,142.698
2025-08-25 14:05:03 UTC,3000,38325,3857.150
2025-08-25 16:28:14 UTC,3000,3325,263.111
2025-08-26 06:57:16 UTC,50000,38325,51869.831
2025-08-26 08:32:53 UTC,500,4000,107.682
2025-08-26 10:09:19 UTC,500,4000,49.751
2025-08-26 11:28:07 UTC,2000,38325,4085.362
2025-08-26 12:10:28 UTC,2000,3000,76.478
2025-08-26 12:45:46 UTC,2000,10000,754.717
2025-08-26 13:55:07 UTC,3000,38325,3789.728
2025-08-26 16:32:48 UTC,2000,3000,110.931
2025-08-26 17:00:25 UTC,2000,25000,1277.774
2025-08-26 22:24:51 UTC,30000,38325,19063.356
2025-08-27 12:05:51 UTC,3000,38325,2637.008
2025-08-27 14:30:08 UTC,3000,4000,139.414
2025-08-27 14:36:49 UTC,3000,4000,104.337
2025-08-27 16:46:57 UTC,3000,38325,5004.177
2025-08-27 23:19:42 UTC,30000,38325,19691.309
2025-08-28 07:48:38 UTC,3000,3000,74.449
2025-08-28 08:02:31 UTC,3000,3000,64.451
2025-08-28 08:33:38 UTC,3000,3000,76.930
2025-08-28 08:39:06 UTC,3000,3000,101.009
2025-08-28 08:50:54 UTC,3000,500,16.273
2025-08-28 08:53:00 UTC,3000,500,21.675
2025-08-28 09:03:04 UTC,3000,500,25.152
2025-08-28 09:09:45 UTC,3000,500,24.047
2025-08-28 09:22:52 UTC,3000,500,25.207
2025-08-28 09:23:28 UTC,3000,500,23.480
2025-08-28 09:26:16 UTC,3000,500,23.335
2025-08-28 09:29:29 UTC,3000,500,22.358
2025-08-28 09:41:24 UTC,10000,500,45.804
2025-08-28 09:55:36 UTC,10000,5000,337.253
2025-08-28 10:39:00 UTC,10000,5000,2246.420
2025-08-28 13:17:13 UTC,2000,5000,94.484
2025-08-28 13:24:51 UTC,2000,5000,94.985
2025-08-28 14:18:14 UTC,2000,3000,121.957
2025-08-28 14:24:44 UTC,500,3000,73.509
2025-08-28 14:28:53 UTC,500,3000,71.420
2025-08-28 14:34:58 UTC,500,3000,68.645
2025-08-28 14:37:20 UTC,500,3000,53.218
2025-08-28 14:43:15 UTC,500,3000,34.594
2025-08-28 14:44:49 UTC,500,3000,34.504
2025-08-28 14:57:03 UTC,1000,3000,41.134
2025-08-28 15:01:26 UTC,2000,3000,122.371
2025-08-28 15:17:24 UTC,3000,3000,121.746
2025-08-28 22:47:23 UTC,30000,38325,18920.088
2025-08-29 15:25:52 UTC,10000,1000,49.585
2025-08-29 15:49:34 UTC,10000,100,30.249
2025-08-29 15:53:38 UTC,10000,100,31.111
2025-08-29 16:04:40 UTC,10000,1000,620.221
2025-08-29 16:23:53 UTC,3000,1000,21.888
2025-08-29 16:37:21 UTC,3000,1000,23.655
2025-08-29 16:43:26 UTC,3000,1000,19.180
2025-08-29 16:45:22 UTC,3000,1000,19.905
2025-08-29 16:50:05 UTC,3000,3000,62.226
2025-08-29 16:58:31 UTC,3000,5000,118.180
2025-08-29 23:00:42 UTC,30000,38325,19401.570
2025-08-30 10:46:16 UTC,3000,5000,174.628
2025-08-30 10:52:46 UTC,3000,5000,182.831
2025-08-30 11:14:30 UTC,30000,500,51.688
2025-08-30 11:21:09 UTC,30000,500,64.105
2025-08-30 11:49:19 UTC,10000,3000,349.139
2025-08-30 12:14:46 UTC,10000,3000,201.147
2025-08-30 17:30:34 UTC,10000,38325,10881.727
2025-08-31 01:41:58 UTC,40000,38325,28664.196
2025-08-31 12:30:17 UTC,2000,2000,35.722
2025-08-31 20:24:37 UTC,40000,38325,27271.199
2025-09-01 10:01:37 UTC,2000,1000,17.468
2025-09-01 10:06:45 UTC,100000,20,8.914
2025-09-01 10:12:02 UTC,300000,20,46.069
2025-09-01 10:41:59 UTC,1000,7000,83.331
2025-09-01 12:02:36 UTC,1000,7000,62.959
2025-09-01 13:17:03 UTC,1000,7000,154.334
2025-09-01 13:49:47 UTC,50000,100,123.019
2025-09-01 13:59:21 UTC,50000,100,78.586
2025-09-01 14:10:01 UTC,30000,1000,374.537
2025-09-01 14:26:24 UTC,5000,1000,105.149
2025-09-01 16:26:53 UTC,2000,5000,128.075
2025-09-01 17:09:07 UTC,2000,5000,48.655
2025-09-01 17:14:00 UTC,2000,5000,41.282
2025-09-01 17:31:04 UTC,2000,5000,48.331
2025-09-01 17:41:56 UTC,2000,5000,102.346
2025-09-01 21:27:24 UTC,40000,38325,12987.750
2025-09-02 09:17:54 UTC,1000,38000,695.216
2025-09-02 10:46:29 UTC,2000,10000,147.219
2025-09-02 10:58:36 UTC,2000,10000,137.054
2025-09-02 13:18:21 UTC,5000,38325,3429.957
2025-09-02 14:50:35 UTC,2000,5000,806.046
2025-09-02 15:14:47 UTC,2000,5000,48.198
2025-09-02 16:41:39 UTC,3000,38325,5091.776
2025-09-02 23:29:28 UTC,40000,38325,21261.806
2025-09-04 12:51:28 UTC,2000,10000,116.028
2025-09-04 13:44:43 UTC,2000,10000,281.365
2025-09-04 13:58:11 UTC,500,30000,184.003
2025-09-04 14:19:20 UTC,500,30000,268.847
2025-09-04 22:16:46 UTC,50000,35000,17042.245
2025-09-05 11:13:56 UTC,2000,10000,107.175
2025-09-05 11:41:09 UTC,100000,300,171.944
2025-09-05 12:08:07 UTC,300000,300,275.378
2025-09-05 12:52:11 UTC,3000,10000,435.231
2025-09-05 13:51:06 UTC,5000,10000,411.235
2025-09-05 15:31:02 UTC,10000,35000,3980.921
2025-09-06 01:57:55 UTC,100000,35000,28795.907
2025-09-06 12:08:04 UTC,500,10000,41.493
2025-09-06 13:04:15 UTC,3000,35000,1850.675
2025-09-06 16:30:26 UTC,10000,35000,5601.716
2025-09-06 16:35:28 UTC,1000,3000,17.314
2025-09-06 16:53:00 UTC,5000,1000,19.907
2025-09-06 17:03:51 UTC,3000,10000,414.701
2025-09-07 09:56:20 UTC,200000,35000,59834.305
2025-09-07 10:28:50 UTC,100000,300,246.785
2025-09-07 10:40:41 UTC,100000,300,97.145
2025-09-07 11:01:52 UTC,300000,200,207.942
2025-09-08 01:38:39 UTC,100000,35000,39139.411
2025-09-08 08:07:16 UTC,3000,32000,1486.762
2025-09-08 10:18:09 UTC,10000,32000,4429.159
2025-09-08 11:56:36 UTC,1000,32000,574.397
2025-09-08 12:30:56 UTC,3000,16000,515.307
2025-09-08 12:49:07 UTC,3000,16000,433.499
2025-09-08 12:57:15 UTC,2000,10000,150.487
2025-09-08 13:05:45 UTC,2000,4000,42.489
2025-09-08 13:16:49 UTC,2000,4000,55.658
2025-09-08 13:22:26 UTC,2000,4000,49.413
2025-09-08 13:29:20 UTC,2000,4000,44.229
2025-09-08 13:35:45 UTC,2000,10000,139.344
2025-09-09 09:31:25 UTC,100000,38325,40807.197
2025-09-09 11:00:18 UTC,3000,30000,1455.620
2025-09-09 13:34:54 UTC,3000,30000,1343.969
2025-09-09 14:41:24 UTC,5000,30000,2200.676
2025-09-10 06:40:14 UTC,5000,35000,2895.079
2025-09-10 08:21:26 UTC,1000,15000,132.306
2025-09-10 09:04:13 UTC,1000,15000,284.814
2025-09-10 09:19:14 UTC,1000,15000,370.607
2025-09-10 09:58:50 UTC,1000,15000,288.628
2025-09-10 10:29:59 UTC,1000,15000,287.066
2025-09-10 11:06:59 UTC,2000,15000,515.741
2025-09-10 11:29:39 UTC,2000,15000,555.302
2025-09-10 11:51:25 UTC,2000,10000,357.619
2025-09-10 12:06:09 UTC,2000,10000,260.948
2025-09-10 12:26:53 UTC,500,10000,127.679
2025-09-10 15:30:28 UTC,500,10000,128.645
2025-09-10 16:31:27 UTC,5000,4000,152.078
2025-09-10 17:05:26 UTC,300000,300,456.001
2025-09-10 17:24:11 UTC,30000,1000,115.393
2025-09-10 17:33:38 UTC,30000,1000,187.635
2025-09-11 03:07:23 UTC,100000,38325,33645.573
2025-09-11 10:08:03 UTC,20000,500,37.834
2025-09-11 10:10:44 UTC,20000,500,41.323
2025-09-11 10:15:40 UTC,20000,500,38.897
2025-09-11 16:30:44 UTC,1000,3000,44.325
2025-09-11 16:46:48 UTC,1000,3000,43.446
2025-09-11 16:51:00 UTC,1000,3000,41.213
2025-09-11 16:52:39 UTC,1000,3000,42.001
2025-09-11 16:56:29 UTC,1000,3000,43.058
2025-09-11 16:57:58 UTC,500,3000,36.448
2025-09-11 16:59:14 UTC,500,3000,41.912
2025-09-11 17:00:42 UTC,500,3000,35.094
2025-09-11 17:02:00 UTC,500,3000,35.183
2025-09-11 17:03:15 UTC,500,3000,36.668
2025-09-11 17:07:00 UTC,500,3000,34.776
2025-09-11 17:10:00 UTC,500,3000,33.522
2025-09-11 17:11:09 UTC,500,3000,35.243
2025-09-11 17:12:23 UTC,500,3000,36.377
2025-09-11 17:13:55 UTC,500,3000,35.636
2025-09-11 17:15:45 UTC,500,3000,36.721
2025-09-11 17:17:03 UTC,500,3000,36.325
2025-09-11 17:19:27 UTC,500,3000,36.178
2025-09-11 17:20:51 UTC,500,3000,36.634
2025-09-11 17:23:00 UTC,500,3000,37.075
2025-09-11 17:24:17 UTC,500,3000,37.848
2025-09-11 17:26:37 UTC,500,3000,35.887
2025-09-11 17:28:40 UTC,500,3000,35.288
2025-09-11 17:30:37 UTC,500,3000,36.792
2025-09-11 17:33:16 UTC,500,3000,35.458
2025-09-11 17:36:42 UTC,500,3000,34.162
2025-09-11 17:39:13 UTC,500,3000,83.986
2025-09-11 17:45:57 UTC,500,3000,76.459
2025-09-12 06:33:15 UTC,500,3000,34.148
2025-09-12 07:43:57 UTC,1000,10000,152.624
2025-09-12 08:09:31 UTC,1000,4000,57.510
2025-09-12 09:45:53 UTC,5000,38325,5700.840
2025-09-12 10:52:50 UTC,5000,38325,3543.199
2025-09-12 13:07:51 UTC,2000,4000,8.058
2025-09-13 08:38:29 UTC,5000,38325,420.395
2025-09-13 09:38:15 UTC,1000,3000,28.064
2025-09-13 09:47:31 UTC,1000,3000,18.955
2025-09-13 10:30:38 UTC,1000,3000,18.488
2025-09-14 08:48:56 UTC,1000,3000,18.649
2025-09-14 14:20:20 UTC,5000,38325,4182.059
2025-09-15 00:45:49 UTC,100000,38325,34529.078
2025-09-15 10:55:04 UTC,5000,38325,10660.485
2025-09-16 08:58:06 UTC,5000,38325,5271.328
2025-09-17 04:27:41 UTC,100000,38325,37879.337
2025-09-17 12:19:10 UTC,1000,38325,1377.036
2025-09-18 04:38:04 UTC,100000,38325,38877.645
2025-09-22 01:58:59 UTC,100000,38325,37328.685
2025-09-24 08:09:38 UTC,1000,300,40.225
2025-09-24 11:23:41 UTC,2000,38325,2809.459
2025-09-24 13:50:05 UTC,3000,38325,3220.811
2025-09-25 04:11:58 UTC,100000,38325,38045.624
2025-09-27 12:51:54 UTC,1000,5000,55.517
2025-09-27 12:55:43 UTC,1000,5000,55.276
2025-09-27 12:58:04 UTC,1000,5000,65.850
2025-09-27 13:02:03 UTC,1000,10,0.340
2025-09-27 13:04:22 UTC,1000,10,0.389
2025-09-27 13:07:56 UTC,2000,5000,93.380
2025-09-27 13:56:37 UTC,2000,5000,60.623
2025-09-27 16:29:52 UTC,2000,5000,119.837
2025-09-27 16:41:53 UTC,1000,10000,88.261
2025-09-28 07:46:58 UTC,10000,38325,5987.369
2025-09-28 09:28:33 UTC,1000,10000,82.767
2025-09-28 09:48:28 UTC,1000,38325,982.763
2025-09-28 12:52:08 UTC,20000,38325,9977.068
2025-09-28 16:07:14 UTC,1000,10000,116.973
2025-09-29 02:54:28 UTC,100000,38325,38432.541
2025-09-29 06:44:06 UTC,1000,38325,1359.700
2025-09-29 07:08:50 UTC,1000,25000,739.645
2025-09-29 08:05:02 UTC,1000,25000,1020.807
2025-09-29 12:18:20 UTC,1000,25000,2115.137
2025-09-29 13:47:54 UTC,1000,25000,1030.356
2025-09-29 14:06:39 UTC,1000,15000,504.219
2025-09-29 14:19:12 UTC,1000,15000,350.870
2025-09-29 14:28:55 UTC,300,15000,209.370
2025-09-29 14:35:46 UTC,300,10000,116.865
2025-09-29 14:47:07 UTC,300,10000,155.315
2025-09-29 14:52:21 UTC,300,5000,95.823
2025-09-29 15:06:42 UTC,300,5000,130.556
2025-09-29 16:25:41 UTC,300,5000,57.919
2025-09-29 16:34:48 UTC,300,10000,248.553
2025-09-29 17:22:31 UTC,300,10000,991.540
2025-09-30 07:07:24 UTC,2000,38325,5158.259
2025-09-30 07:14:11 UTC,100000,100,38.409
2025-09-30 07:15:42 UTC,100000,100,38.902
2025-09-30 07:21:43 UTC,500000,100,235.422
2025-09-30 14:15:02 UTC,2000,25000,942.850
2025-09-30 16:11:10 UTC,5000,15000,743.414
2025-10-01 16:48:20 UTC,5000,5000,599.922
2025-10-02 09:12:04 UTC,300,38325,4281.508
2025-10-02 11:45:29 UTC,5000,100,31.911
2025-10-02 15:12:58 UTC,300,38325,2915.728
2025-10-02 16:54:04 UTC,300,38325,2736.305
2025-10-04 09:40:28 UTC,100,38325,960.219
2025-10-04 10:01:03 UTC,100,15000,282.870
2025-10-04 11:57:03 UTC,300,38325,2267.552
2025-10-05 14:13:29 UTC,5000,38325,22663.088
2025-10-05 14:43:42 UTC,500,5000,263.079
2025-10-05 14:52:53 UTC,500,5000,21.298
2025-10-05 14:54:57 UTC,500,5000,22.017
2025-10-05 14:57:22 UTC,500,5001,21.104
2025-10-05 15:01:48 UTC,500,3000,12.965
2025-10-05 15:17:44 UTC,500,38325,613.526
2025-10-05 16:06:29 UTC,300,38325,284.890
2025-10-06 01:52:21 UTC,80000,38325,30539.884
2025-10-06 06:54:27 UTC,300,38325,344.118
2025-10-06 09:38:42 UTC,300,15000,218.197
2025-10-06 13:12:57 UTC,1000,38325,2578.071
2025-10-07 06:55:53 UTC,300,15000,56.750
2025-10-07 15:50:02 UTC,2000,38325,1037.762
2025-10-07 22:04:35 UTC,50000,38325,16881.878
2025-10-08 07:32:06 UTC,1000,38325,1844.992
2025-10-08 09:36:10 UTC,2000,15000,280.715
2025-10-08 09:54:11 UTC,5000,10000,364.902
2025-10-08 10:59:54 UTC,8000,10000,1278.734
2025-10-08 12:12:06 UTC,10000,20000,3367.604
2025-10-08 17:28:42 UTC,100,20000,34.942
2025-10-09 06:07:42 UTC,2000,38325,1687.151
2025-10-10 05:58:06 UTC,1000,38325,1170.495
2025-10-10 11:04:49 UTC,3000,38325,2124.361
2025-10-10 14:34:05 UTC,3000,38325,3184.831
2025-10-10 16:17:08 UTC,1000,38325,782.022
2025-10-11 04:10:02 UTC,50000,38325,36665.804
2025-10-11 09:33:08 UTC,300,38325,369.113
2025-10-11 12:54:25 UTC,3000,38325,2779.134
2025-10-11 16:52:32 UTC,1000,38325,1531.388
2025-10-11 17:10:39 UTC,200,38325,444.674
2025-10-12 00:31:21 UTC,50000,38325,25687.320
2025-10-13 03:57:44 UTC,100000,38325,52551.358
2025-10-13 07:15:34 UTC,3000,38325,2860.416
2025-10-13 13:32:18 UTC,3000,38325,2387.773
2025-10-14 10:03:58 UTC,3000,38325,2906.688
2025-10-14 10:22:53 UTC,3000,38325,843.913
2025-10-14 10:39:01 UTC,1000,38325,457.507
2025-10-14 11:58:52 UTC,10000,38325,4674.522
2025-10-14 13:43:34 UTC,500000,100,64.762
2025-10-14 13:55:10 UTC,1000000,100,184.830
2025-10-14 14:06:28 UTC,500000,100,96.284
2025-10-14 14:09:56 UTC,500000,100,104.709
2025-10-14 14:15:00 UTC,500000,100,147.122
2025-10-14 14:18:40 UTC,500000,100,125.014
2025-10-14 17:40:48 UTC,3000,38325,2082.272
2025-10-15 09:16:57 UTC,100000,38325,55562.089
2025-10-15 15:32:32 UTC,10000,38325,6399.724
2025-10-16 06:12:44 UTC,1000,38325,615.458
2025-10-16 22:53:29 UTC,100000,38325,27535.295
2025-10-18 01:01:05 UTC,100000,38325,25985.126
2025-10-18 09:52:15 UTC,3000,38325,978.641
2025-10-18 10:17:00 UTC,3000,38325,1042.472
2025-10-18 11:05:00 UTC,3000,38325,1377.658
2025-10-18 11:25:44 UTC,500000,100,62.765
2025-10-18 12:30:29 UTC,3000,38325,3737.320
2025-10-18 12:44:42 UTC,500000,100,64.205
2025-10-18 12:49:16 UTC,500000,100,65.025
2025-10-18 13:16:20 UTC,3000,38325,1323.445
2025-10-18 22:37:33 UTC,100000,38325,33048.582
2025-10-19 07:46:02 UTC,500000,100,66.891
2025-10-19 08:32:11 UTC,3000,38325,1638.558
2025-10-19 09:35:00 UTC,3000,38325,1301.893
2025-10-19 17:21:03 UTC,100000,38325,27561.438
2025-10-20 03:20:58 UTC,100000,38325,29054.831
2025-10-20 08:09:58 UTC,500000,100,71.462
2025-10-20 08:18:51 UTC,500000,100,67.488
2025-10-20 11:17:13 UTC,500000,200,191.215
2025-10-20 11:25:19 UTC,500000,200,320.262
2025-10-20 11:37:20 UTC,500000,200,301.892
2025-10-21 04:31:46 UTC,125000,38325,43074.496
2025-10-21 11:04:20 UTC,5000,38325,2502.033
2025-10-21 12:59:01 UTC,3000,38325,2450.687
2025-10-22 05:54:23 UTC,3000,38325,2695.797
2025-10-22 07:07:07 UTC,3000,38325,2010.515
2025-10-22 08:32:40 UTC,3000,38325,1930.217
2025-10-22 10:19:27 UTC,3000,38325,1799.165
2025-10-23 04:15:04 UTC,100000,38325,37577.813
2025-10-23 09:30:11 UTC,3000,38325,2985.101
2025-10-23 12:20:07 UTC,3000,38325,2359.062
2025-10-23 16:25:51 UTC,3000,38325,2223.164
2025-10-24 03:26:57 UTC,100000,38325,37681.721
2025-10-25 11:46:58 UTC,20000,38325,10438.928
2025-10-26 07:02:09 UTC,100000,38325,44295.629
2025-10-27 16:11:32 UTC,3000,38325,2717.161
2025-10-28 08:27:34 UTC,100000,38325,44738.591
2025-10-28 23:27:18 UTC,50000,38325,16100.615
2025-10-29 17:07:21 UTC,1000,38325,633.753
2025-10-29 17:46:03 UTC,1000,38325,499.805
2025-10-30 08:47:47 UTC,1000,38325,571.942
2025-11-01 10:28:21 UTC,1000,38325,484.725
2025-11-01 12:55:55 UTC,1000,38325,1164.317
2025-11-02 20:02:26 UTC,2000,38325,804.026
2025-11-03 07:29:32 UTC,1000,38325,544.518
2025-11-10 07:33:51 UTC,1000,38325,528.434
2025-11-15 16:12:16 UTC,3000,38325,7575.691
2025-11-24 10:23:13 UTC,1000,38325,7034.931
2025-11-29 16:04:08 UTC,1000,38325,4811.798
2025-11-29 16:40:11 UTC,300,38325,1676.814
2025-12-01 07:04:21 UTC,10,38325,143.440
2025-12-03 12:30:25 UTC,1000,38325,9843.383
2025-12-03 16:52:45 UTC,300,38325,2461.506
2025-12-04 14:43:38 UTC,100,38325,573.237
2025-12-04 17:39:37 UTC,100,38325,560.206
2025-12-05 07:01:08 UTC,100,38325,659.635
2025-12-05 07:48:18 UTC,10,38325,88.753
2025-12-05 09:05:13 UTC,100,35000,267.896
2025-12-05 10:13:54 UTC,1000,35000,3945.976
2025-12-08 17:27:16 UTC,1000,38325,3640.074
2025-12-11 13:48:42 UTC,10,38325,316.536
2025-12-14 18:36:45 UTC,1000,38325,1125.613
2025-12-18 14:05:44 UTC,1000,38325,1956.489
2025-12-18 16:01:22 UTC,1000,38325,1724.341
2025-12-22 07:31:35 UTC,500,2000,21.641
2025-12-22 15:06:38 UTC,3000,2000,143.195
2025-12-22 15:09:47 UTC,500,1000,26.966
2025-12-23 07:48:17 UTC,100,38325,1739.886
2025-12-23 09:59:28 UTC,500,2000,34.557
2025-12-23 16:10:42 UTC,500,38325,9790.624
2025-12-26 11:12:00 UTC,10000,1000,71.243
2025-12-26 11:13:52 UTC,10000,1000,71.845
2025-12-26 11:15:27 UTC,10000,1000,85.189
2025-12-26 11:22:58 UTC,10000,1000,72.197
2025-12-26 11:25:22 UTC,10000,1000,69.345
2025-12-26 11:27:07 UTC,10000,1000,76.360
2025-12-26 11:28:57 UTC,10000,1000,96.393
2025-12-26 11:40:22 UTC,10000,1000,72.737
2025-12-26 12:25:45 UTC,10000,1000,61.637
2025-12-28 15:17:46 UTC,300,38325,513.899
2025-12-29 16:28:20 UTC,500,38325,824.501
2025-12-31 09:56:17 UTC,500,38325,1241.398
2026-01-07 15:29:17 UTC,500,38325,2669.475
2026-01-09 13:33:03 UTC,500,38325,2334.598
2026-01-10 10:55:35 UTC,500,38325,1603.995
2026-01-23 07:40:10 UTC,500,38325,1403.468
2026-01-23 14:36:58 UTC,500,38325,2040.951
2026-01-23 17:06:32 UTC,500,38325,2242.090
2026-01-23 18:41:35 UTC,500,38325,1883.060
2026-01-23 19:16:18 UTC,500,38325,1914.584
2026-01-23 19:46:55 UTC,500,38325,1724.409
2026-01-23 20:19:19 UTC,500,38325,1787.411
2026-01-23 20:51:44 UTC,500,38325,1794.481
2026-01-23 21:24:03 UTC,500,38325,1796.693
2026-01-23 21:56:33 UTC,500,38325,1797.924
2026-01-23 22:32:06 UTC,500,38325,1878.438
2026-01-24 07:29:45 UTC,500,38325,1480.168
2026-01-24 08:38:13 UTC,500,38325,3560.717
2026-01-24 09:25:46 UTC,500,38325,2355.612
2026-01-24 10:07:11 UTC,500,38325,1530.361
2026-01-24 10:37:22 UTC,500,38325,1699.368
2026-01-24 11:07:38 UTC,500,38325,1651.066
2026-01-24 11:43:31 UTC,500,38325,2037.687
2026-01-24 12:22:04 UTC,500,38325,2199.588
2026-01-24 12:55:00 UTC,500,38325,1861.503
2026-01-27 12:52:33 UTC,500,38325,2144.410
2026-01-28 09:20:43 UTC,500,38325,1320.765
2026-01-29 17:34:01 UTC,500,38325,1784.919
2026-01-30 08:43:00 UTC,500,33000,1437.512
2026-02-01 16:59:39 UTC,500,38325,3007.911
2026-02-03 14:29:20 UTC,500,33000,1178.914
2026-02-04 08:15:15 UTC,500,33000,540.707
2026-02-04 09:42:26 UTC,500,33000,653.241
2026-02-04 11:54:36 UTC,500,33000,3054.010
2026-02-04 12:51:36 UTC,500,33000,589.372
2026-02-04 13:56:54 UTC,500,33000,639.771
2026-02-05 08:54:09 UTC,500,33000,1712.714
2026-02-05 09:34:32 UTC,500,33000,1528.760
2026-02-05 14:12:01 UTC,500,33000,1324.892
2026-02-05 15:19:10 UTC,500,33000,1402.707
2026-02-06 07:55:06 UTC,500,32000,900.929
2026-02-06 15:00:34 UTC,500,33000,1053.105
2026-02-06 16:09:54 UTC,500,33000,1629.480
2026-02-06 17:24:42 UTC,500,33000,1282.583
2026-02-07 09:21:21 UTC,500,33000,589.227
2026-03-22 12:57:48 UTC,100,35040,504.895
2026-05-28 09:26:05 UTC,1000,35040,1493.872
2026-05-28 09:26:10 UTC,1000,35040,1524.867
