target_set_version,target_family,target_key,target_label,target_year,central_value,plausible_lower,plausible_upper,unit,interval_kind,provenance_class,source_id,source_url_or_doi,range_method,rationale,last_reviewed
calibration-target-ranges-v1,headline,infection_deaths_millions,Infection deaths (millions),2025,7.7,5.7,10.2,millions,published_uncertainty_range,published_source_range,gbd_33_bacterial_pathogens_2019,https://pubmed.ncbi.nlm.nih.gov/36423648/,Published GBD 2019 95% uncertainty interval.,The published 7.7 million estimate is used unchanged as a pragmatic calibration benchmark. The model's organism set and target year differ slightly; those differences are documented rather than encoded as a precision-implying numerical adjustment.,2026-07-28
calibration-target-ranges-v1,headline,people_on_antibiotics_millions,People on antibiotics on an average day (millions),2025,100.0,70.0,150.0,millions,expert_plausible_range,source_informed_transformed,who_glass_amu_and_global_spatial_model,https://www.who.int/data/gho/data/indicators/indicator-details/GHO/antibacterial-consumption--total-consumption-of-antibacterials-expressed-as-ddd-per-1000-inhabitants-per-day,Expert conversion range from DDD/day to unique current users.,"WHO describes DDD/1000/day as only a rough proxy for people treated. The range spans uncertainty in dose intensity, combination treatment, data coverage, stock-versus-use measurement, and conversion to unique users.",2026-07-28
calibration-target-ranges-v1,headline,annual_infection_incidence_percent,Incidence of bacterial infection per year (%),2025,15.0,10.0,25.0,percent,expert_plausible_range,expert_best_guess_placeholder,model_scope_pathogen_incidence_synthesis,,Expert range around the all-bacteria model-scope incidence anchor.,No harmonised global count exists for all modelled bacterial infection episodes. The range reflects heterogeneous pathogen and syndrome estimates and uncertainty in same-day polymicrobial episode counting.,2026-07-28
calibration-target-ranges-v1,headline,sepsis_incident_cases_millions,Incident cases of sepsis (millions),2025,70.0,50.0,100.0,millions,derived_plausible_range,source_informed_transformed,gbd_2021_global_sepsis_2025_bacterial_subset,https://pubmed.ncbi.nlm.nih.gov/41135560/,Use a broad 50-100 million bacterial-subset range within the published 135-201 million all-cause sepsis UI for 2021.,"GBD estimates 166 million all-cause sepsis cases in 2021. The model is bacteria-only and excludes viral, fungal, and parasitic sepsis while not representing the full burden of sepsis complicating non-infectious causes. The 70 million central target and 50-100 million range are explicit model-scope assumptions, not a published GBD point estimate or interval.",2026-08-18
calibration-target-ranges-v1,drug_class_share,Penicillins (J01C),Penicillins (J01C),2025,17.910448,12.0,24.0,percent,expert_plausible_range,source_informed_transformed,who_glass_amu_2022_and_existing_coarse_class_ranges,https://www.who.int/publications/i/item/9789240108127,Marginal expert range informed by heterogeneous national class-use data and data/number_on_drug_by_class.csv.,"The 28 class shares form one composition, but these marginal ranges are not a joint confidence region and are not required to sum to 100%.",2026-07-28
calibration-target-ranges-v1,drug_class_share,Beta-lactamase combinations (J01CR),Beta-lactamase combinations (J01CR),2025,17.910448,14.0,25.0,percent,expert_plausible_range,source_informed_transformed,who_glass_amu_2022_and_existing_coarse_class_ranges,https://www.who.int/publications/i/item/9789240108127,Marginal expert range informed by heterogeneous national class-use data and data/number_on_drug_by_class.csv.,"The 28 class shares form one composition, but these marginal ranges are not a joint confidence region and are not required to sum to 100%.",2026-07-28
calibration-target-ranges-v1,drug_class_share,Cephalosporins 1-2G,Cephalosporins 1-2G,2025,9.950249,6.0,14.0,percent,expert_plausible_range,source_informed_transformed,who_glass_amu_2022_and_existing_coarse_class_ranges,https://www.who.int/publications/i/item/9789240108127,Marginal expert range informed by heterogeneous national class-use data and data/number_on_drug_by_class.csv.,"The 28 class shares form one composition, but these marginal ranges are not a joint confidence region and are not required to sum to 100%.",2026-07-28
calibration-target-ranges-v1,drug_class_share,Cephalosporins 3G,Cephalosporins 3G,2025,4.975124,3.0,8.0,percent,expert_plausible_range,source_informed_transformed,who_glass_amu_2022_and_existing_coarse_class_ranges,https://www.who.int/publications/i/item/9789240108127,Marginal expert range informed by heterogeneous national class-use data and data/number_on_drug_by_class.csv.,"The 28 class shares form one composition, but these marginal ranges are not a joint confidence region and are not required to sum to 100%.",2026-07-28
calibration-target-ranges-v1,drug_class_share,Cephalosporins 3G/BLI,Cephalosporins 3G/BLI,2025,0.497512,0.1,1.2,percent,expert_plausible_range,source_informed_transformed,who_glass_amu_2022_and_existing_coarse_class_ranges,https://www.who.int/publications/i/item/9789240108127,Marginal expert range informed by heterogeneous national class-use data and data/number_on_drug_by_class.csv.,"The 28 class shares form one composition, but these marginal ranges are not a joint confidence region and are not required to sum to 100%.",2026-07-28
calibration-target-ranges-v1,drug_class_share,Cephalosporins 4G,Cephalosporins 4G,2025,1.99005,1.0,4.0,percent,expert_plausible_range,source_informed_transformed,who_glass_amu_2022_and_existing_coarse_class_ranges,https://www.who.int/publications/i/item/9789240108127,Marginal expert range informed by heterogeneous national class-use data and data/number_on_drug_by_class.csv.,"The 28 class shares form one composition, but these marginal ranges are not a joint confidence region and are not required to sum to 100%.",2026-07-28
calibration-target-ranges-v1,drug_class_share,Anti-MRSA Cephalosporins (5G),Anti-MRSA Cephalosporins (5G),2025,0.199005,0.03,0.6,percent,expert_plausible_range,source_informed_transformed,who_glass_amu_2022_and_existing_coarse_class_ranges,https://www.who.int/publications/i/item/9789240108127,Marginal expert range informed by heterogeneous national class-use data and data/number_on_drug_by_class.csv.,"The 28 class shares form one composition, but these marginal ranges are not a joint confidence region and are not required to sum to 100%.",2026-07-28
calibration-target-ranges-v1,drug_class_share,Siderophore Cephalosporins,Siderophore Cephalosporins,2025,0.099502,0.01,0.4,percent,expert_plausible_range,source_informed_transformed,who_glass_amu_2022_and_existing_coarse_class_ranges,https://www.who.int/publications/i/item/9789240108127,Marginal expert range informed by heterogeneous national class-use data and data/number_on_drug_by_class.csv.,"The 28 class shares form one composition, but these marginal ranges are not a joint confidence region and are not required to sum to 100%.",2026-07-28
calibration-target-ranges-v1,drug_class_share,Novel BL/BLI,Novel BL/BLI,2025,0.199005,0.03,0.8,percent,expert_plausible_range,source_informed_transformed,who_glass_amu_2022_and_existing_coarse_class_ranges,https://www.who.int/publications/i/item/9789240108127,Marginal expert range informed by heterogeneous national class-use data and data/number_on_drug_by_class.csv.,"The 28 class shares form one composition, but these marginal ranges are not a joint confidence region and are not required to sum to 100%.",2026-07-28
calibration-target-ranges-v1,drug_class_share,Monobactams,Monobactams,2025,0.497512,0.1,1.5,percent,expert_plausible_range,source_informed_transformed,who_glass_amu_2022_and_existing_coarse_class_ranges,https://www.who.int/publications/i/item/9789240108127,Marginal expert range informed by heterogeneous national class-use data and data/number_on_drug_by_class.csv.,"The 28 class shares form one composition, but these marginal ranges are not a joint confidence region and are not required to sum to 100%.",2026-07-28
calibration-target-ranges-v1,drug_class_share,Macrolides (J01F),Macrolides (J01F),2025,10.945274,7.0,15.0,percent,expert_plausible_range,source_informed_transformed,who_glass_amu_2022_and_existing_coarse_class_ranges,https://www.who.int/publications/i/item/9789240108127,Marginal expert range informed by heterogeneous national class-use data and data/number_on_drug_by_class.csv.,"The 28 class shares form one composition, but these marginal ranges are not a joint confidence region and are not required to sum to 100%.",2026-07-28
calibration-target-ranges-v1,drug_class_share,Lincosamides (J01FF),Lincosamides (J01FF),2025,1.99005,1.0,4.0,percent,expert_plausible_range,source_informed_transformed,who_glass_amu_2022_and_existing_coarse_class_ranges,https://www.who.int/publications/i/item/9789240108127,Marginal expert range informed by heterogeneous national class-use data and data/number_on_drug_by_class.csv.,"The 28 class shares form one composition, but these marginal ranges are not a joint confidence region and are not required to sum to 100%.",2026-07-28
calibration-target-ranges-v1,drug_class_share,Quinolones/Fluoroquinolones (J01M),Quinolones/Fluoroquinolones (J01M),2025,9.950249,6.0,15.0,percent,expert_plausible_range,source_informed_transformed,who_glass_amu_2022_and_existing_coarse_class_ranges,https://www.who.int/publications/i/item/9789240108127,Marginal expert range informed by heterogeneous national class-use data and data/number_on_drug_by_class.csv.,"The 28 class shares form one composition, but these marginal ranges are not a joint confidence region and are not required to sum to 100%.",2026-07-28
calibration-target-ranges-v1,drug_class_share,Tetracyclines (J01A),Tetracyclines (J01A),2025,5.970149,3.0,10.0,percent,expert_plausible_range,source_informed_transformed,who_glass_amu_2022_and_existing_coarse_class_ranges,https://www.who.int/publications/i/item/9789240108127,Marginal expert range informed by heterogeneous national class-use data and data/number_on_drug_by_class.csv.,"The 28 class shares form one composition, but these marginal ranges are not a joint confidence region and are not required to sum to 100%.",2026-07-28
calibration-target-ranges-v1,drug_class_share,Carbapenems (J01DH),Carbapenems (J01DH),2025,1.99005,1.0,4.0,percent,expert_plausible_range,source_informed_transformed,who_glass_amu_2022_and_existing_coarse_class_ranges,https://www.who.int/publications/i/item/9789240108127,Marginal expert range informed by heterogeneous national class-use data and data/number_on_drug_by_class.csv.,"The 28 class shares form one composition, but these marginal ranges are not a joint confidence region and are not required to sum to 100%.",2026-07-28
calibration-target-ranges-v1,drug_class_share,Aminoglycosides (J01G),Aminoglycosides (J01G),2025,1.99005,1.0,4.0,percent,expert_plausible_range,source_informed_transformed,who_glass_amu_2022_and_existing_coarse_class_ranges,https://www.who.int/publications/i/item/9789240108127,Marginal expert range informed by heterogeneous national class-use data and data/number_on_drug_by_class.csv.,"The 28 class shares form one composition, but these marginal ranges are not a joint confidence region and are not required to sum to 100%.",2026-07-28
calibration-target-ranges-v1,drug_class_share,Sulfonamides (J01E),Sulfonamides (J01E),2025,3.9801,2.0,8.0,percent,expert_plausible_range,source_informed_transformed,who_glass_amu_2022_and_existing_coarse_class_ranges,https://www.who.int/publications/i/item/9789240108127,Marginal expert range informed by heterogeneous national class-use data and data/number_on_drug_by_class.csv.,"The 28 class shares form one composition, but these marginal ranges are not a joint confidence region and are not required to sum to 100%.",2026-07-28
calibration-target-ranges-v1,drug_class_share,Nitrofurans (J01XE),Nitrofurans (J01XE),2025,2.985075,1.5,7.0,percent,expert_plausible_range,source_informed_transformed,who_glass_amu_2022_and_existing_coarse_class_ranges,https://www.who.int/publications/i/item/9789240108127,Marginal expert range informed by heterogeneous national class-use data and data/number_on_drug_by_class.csv.,"The 28 class shares form one composition, but these marginal ranges are not a joint confidence region and are not required to sum to 100%.",2026-07-28
calibration-target-ranges-v1,drug_class_share,Fosfomycin (J01XX01),Fosfomycin (J01XX01),2025,0.995025,0.3,2.5,percent,expert_plausible_range,source_informed_transformed,who_glass_amu_2022_and_existing_coarse_class_ranges,https://www.who.int/publications/i/item/9789240108127,Marginal expert range informed by heterogeneous national class-use data and data/number_on_drug_by_class.csv.,"The 28 class shares form one composition, but these marginal ranges are not a joint confidence region and are not required to sum to 100%.",2026-07-28
calibration-target-ranges-v1,drug_class_share,Glycopeptides (J01XA),Glycopeptides (J01XA),2025,1.99005,0.8,4.0,percent,expert_plausible_range,source_informed_transformed,who_glass_amu_2022_and_existing_coarse_class_ranges,https://www.who.int/publications/i/item/9789240108127,Marginal expert range informed by heterogeneous national class-use data and data/number_on_drug_by_class.csv.,"The 28 class shares form one composition, but these marginal ranges are not a joint confidence region and are not required to sum to 100%.",2026-07-28
calibration-target-ranges-v1,drug_class_share,Lipoglycopeptides & Oxazolidinones,Lipoglycopeptides & Oxazolidinones,2025,0.995025,0.3,2.5,percent,expert_plausible_range,source_informed_transformed,who_glass_amu_2022_and_existing_coarse_class_ranges,https://www.who.int/publications/i/item/9789240108127,Marginal expert range informed by heterogeneous national class-use data and data/number_on_drug_by_class.csv.,"The 28 class shares form one composition, but these marginal ranges are not a joint confidence region and are not required to sum to 100%.",2026-07-28
calibration-target-ranges-v1,drug_class_share,Lipopeptides (J01XX09),Lipopeptides (J01XX09),2025,0.497512,0.1,1.5,percent,expert_plausible_range,source_informed_transformed,who_glass_amu_2022_and_existing_coarse_class_ranges,https://www.who.int/publications/i/item/9789240108127,Marginal expert range informed by heterogeneous national class-use data and data/number_on_drug_by_class.csv.,"The 28 class shares form one composition, but these marginal ranges are not a joint confidence region and are not required to sum to 100%.",2026-07-28
calibration-target-ranges-v1,drug_class_share,Fidaxomicin,Fidaxomicin,2025,0.099502,0.01,0.4,percent,expert_plausible_range,source_informed_transformed,who_glass_amu_2022_and_existing_coarse_class_ranges,https://www.who.int/publications/i/item/9789240108127,Marginal expert range informed by heterogeneous national class-use data and data/number_on_drug_by_class.csv.,"The 28 class shares form one composition, but these marginal ranges are not a joint confidence region and are not required to sum to 100%.",2026-07-28
calibration-target-ranges-v1,drug_class_share,Nitroimidazoles,Nitroimidazoles,2025,0.995025,0.3,3.0,percent,expert_plausible_range,source_informed_transformed,who_glass_amu_2022_and_existing_coarse_class_ranges,https://www.who.int/publications/i/item/9789240108127,Marginal expert range informed by heterogeneous national class-use data and data/number_on_drug_by_class.csv.,"The 28 class shares form one composition, but these marginal ranges are not a joint confidence region and are not required to sum to 100%.",2026-07-28
calibration-target-ranges-v1,drug_class_share,Polymyxins (J01XB),Polymyxins (J01XB),2025,0.049751,0.005,0.2,percent,expert_plausible_range,source_informed_transformed,who_glass_amu_2022_and_existing_coarse_class_ranges,https://www.who.int/publications/i/item/9789240108127,Marginal expert range informed by heterogeneous national class-use data and data/number_on_drug_by_class.csv.,"The 28 class shares form one composition, but these marginal ranges are not a joint confidence region and are not required to sum to 100%.",2026-07-28
calibration-target-ranges-v1,drug_class_share,Rifamycins (J04AB),Rifamycins (J04AB),2025,0.149254,0.03,0.6,percent,expert_plausible_range,source_informed_transformed,who_glass_amu_2022_and_existing_coarse_class_ranges,https://www.who.int/publications/i/item/9789240108127,Marginal expert range informed by heterogeneous national class-use data and data/number_on_drug_by_class.csv.,"The 28 class shares form one composition, but these marginal ranges are not a joint confidence region and are not required to sum to 100%.",2026-07-28
calibration-target-ranges-v1,drug_class_share,Chloramphenicol (J01BA),Chloramphenicol (J01BA),2025,0.099502,0.01,0.5,percent,expert_plausible_range,source_informed_transformed,who_glass_amu_2022_and_existing_coarse_class_ranges,https://www.who.int/publications/i/item/9789240108127,Marginal expert range informed by heterogeneous national class-use data and data/number_on_drug_by_class.csv.,"The 28 class shares form one composition, but these marginal ranges are not a joint confidence region and are not required to sum to 100%.",2026-07-28
calibration-target-ranges-v1,drug_class_share,Other Antibiotics,Other Antibiotics,2025,0.099502,0.01,0.6,percent,expert_plausible_range,source_informed_transformed,who_glass_amu_2022_and_existing_coarse_class_ranges,https://www.who.int/publications/i/item/9789240108127,Marginal expert range informed by heterogeneous national class-use data and data/number_on_drug_by_class.csv.,"The 28 class shares form one composition, but these marginal ranges are not a joint confidence region and are not required to sum to 100%.",2026-07-28
calibration-target-ranges-v1,infection_incidence,acinetobacter baumannii,acinetobacter baumannii,2025,0.00015,7.5e-05,0.0003,proportion,expert_plausible_range,source_informed_transformed,canonical_target_note_source_unresolved,,0.5x-2x multiplicative range around a source-informed central estimate.,"Range tier follows the provenance wording in the canonical target note; it is a display-only plausible range, not a statistical confidence interval.",2026-07-28
calibration-target-ranges-v1,infection_incidence,citrobacter spp.,citrobacter spp.,2025,8e-05,2.7e-05,0.00024,proportion,expert_plausible_range,expert_best_guess_placeholder,canonical_target_note_source_unresolved,,Broad one-third-to-threefold range where source precision is unresolved.,"Range tier follows the provenance wording in the canonical target note; it is a display-only plausible range, not a statistical confidence interval.",2026-07-28
calibration-target-ranges-v1,infection_incidence,enterobacter spp.,enterobacter spp.,2025,0.00012,3e-05,0.00048,proportion,expert_plausible_range,expert_best_guess_placeholder,canonical_target_note_source_unresolved,,Broad 0.25x-4x multiplicative range for an explicitly uncertain placeholder.,"Range tier follows the provenance wording in the canonical target note; it is a display-only plausible range, not a statistical confidence interval.",2026-07-28
calibration-target-ranges-v1,infection_incidence,enterococcus faecalis,enterococcus faecalis,2025,0.00025,8.3e-05,0.00075,proportion,expert_plausible_range,expert_best_guess_placeholder,canonical_target_note_source_unresolved,,Broad one-third-to-threefold range where source precision is unresolved.,"Range tier follows the provenance wording in the canonical target note; it is a display-only plausible range, not a statistical confidence interval.",2026-07-28
calibration-target-ranges-v1,infection_incidence,enterococcus faecium,enterococcus faecium,2025,0.00015,7.5e-05,0.0003,proportion,expert_plausible_range,source_informed_transformed,canonical_target_note_source_unresolved,,0.5x-2x multiplicative range around a source-informed central estimate.,"Range tier follows the provenance wording in the canonical target note; it is a display-only plausible range, not a statistical confidence interval.",2026-07-28
calibration-target-ranges-v1,infection_incidence,escherichia coli,escherichia coli,2025,0.025,0.013,0.05,proportion,expert_plausible_range,source_informed_transformed,canonical_target_note_source_unresolved,,0.5x-2x multiplicative range around a source-informed central estimate.,"Range tier follows the provenance wording in the canonical target note; it is a display-only plausible range, not a statistical confidence interval.",2026-07-28
calibration-target-ranges-v1,infection_incidence,klebsiella pneumoniae,klebsiella pneumoniae,2025,0.0015,0.00075,0.003,proportion,expert_plausible_range,source_informed_transformed,canonical_target_note_source_unresolved,,0.5x-2x multiplicative range around a source-informed central estimate.,"Range tier follows the provenance wording in the canonical target note; it is a display-only plausible range, not a statistical confidence interval.",2026-07-28
calibration-target-ranges-v1,infection_incidence,morganella spp.,morganella spp.,2025,5e-05,1.3e-05,0.0002,proportion,expert_plausible_range,expert_best_guess_placeholder,canonical_target_note_source_unresolved,,Broad 0.25x-4x multiplicative range for an explicitly uncertain placeholder.,"Range tier follows the provenance wording in the canonical target note; it is a display-only plausible range, not a statistical confidence interval.",2026-07-28
calibration-target-ranges-v1,infection_incidence,proteus spp.,proteus spp.,2025,0.0003,0.0001,0.0009,proportion,expert_plausible_range,expert_best_guess_placeholder,canonical_target_note_source_unresolved,,Broad one-third-to-threefold range where source precision is unresolved.,"Range tier follows the provenance wording in the canonical target note; it is a display-only plausible range, not a statistical confidence interval.",2026-07-28
calibration-target-ranges-v1,infection_incidence,serratia spp.,serratia spp.,2025,6e-05,2e-05,0.00018,proportion,expert_plausible_range,expert_best_guess_placeholder,canonical_target_note_source_unresolved,,Broad one-third-to-threefold range where source precision is unresolved.,"Range tier follows the provenance wording in the canonical target note; it is a display-only plausible range, not a statistical confidence interval.",2026-07-28
calibration-target-ranges-v1,infection_incidence,pseudomonas aeruginosa,pseudomonas aeruginosa,2025,0.0004,0.0002,0.0008,proportion,expert_plausible_range,source_informed_transformed,canonical_target_note_source_unresolved,,0.5x-2x multiplicative range around a source-informed central estimate.,"Range tier follows the provenance wording in the canonical target note; it is a display-only plausible range, not a statistical confidence interval.",2026-07-28
calibration-target-ranges-v1,infection_incidence,stenotrophomonas maltophilia,stenotrophomonas maltophilia,2025,3e-05,1e-05,9e-05,proportion,expert_plausible_range,expert_best_guess_placeholder,canonical_target_note_source_unresolved,,Broad one-third-to-threefold range where source precision is unresolved.,"Range tier follows the provenance wording in the canonical target note; it is a display-only plausible range, not a statistical confidence interval.",2026-07-28
calibration-target-ranges-v1,infection_incidence,staphylococcus aureus,staphylococcus aureus,2025,0.01,0.005,0.02,proportion,expert_plausible_range,source_informed_transformed,canonical_target_note_source_unresolved,,0.5x-2x multiplicative range around a source-informed central estimate.,"Range tier follows the provenance wording in the canonical target note; it is a display-only plausible range, not a statistical confidence interval.",2026-07-28
calibration-target-ranges-v1,infection_incidence,staphylococcus epidermidis,staphylococcus epidermidis,2025,0.0002,6.7e-05,0.0006,proportion,expert_plausible_range,expert_best_guess_placeholder,canonical_target_note_source_unresolved,,Broad one-third-to-threefold range where source precision is unresolved.,"Range tier follows the provenance wording in the canonical target note; it is a display-only plausible range, not a statistical confidence interval.",2026-07-28
calibration-target-ranges-v1,infection_incidence,streptococcus pneumoniae,streptococcus pneumoniae,2025,0.02,0.01,0.04,proportion,expert_plausible_range,source_informed_transformed,canonical_target_note_source_unresolved,,0.5x-2x multiplicative range around a source-informed central estimate.,"Range tier follows the provenance wording in the canonical target note; it is a display-only plausible range, not a statistical confidence interval.",2026-07-28
calibration-target-ranges-v1,infection_incidence,salmonella enterica serovar typhi,salmonella enterica serovar typhi,2025,0.0011,0.0008,0.0015,proportion,derived_plausible_range,source_informed_transformed,canonical_target_note_explicit_range,,Explicit source-informed range override for this target.,"The canonical target note contains a quantitative range or a sufficiently specific source estimate to use an explicit, rounded plausible interval.",2026-07-28
calibration-target-ranges-v1,infection_incidence,salmonella enterica serovar paratyphi a,salmonella enterica serovar paratyphi a,2025,0.0006,0.0003,0.0012,proportion,expert_plausible_range,source_informed_transformed,canonical_target_note_source_unresolved,,0.5x-2x multiplicative range around a source-informed central estimate.,"Range tier follows the provenance wording in the canonical target note; it is a display-only plausible range, not a statistical confidence interval.",2026-07-28
calibration-target-ranges-v1,infection_incidence,invasive non-typhoidal salmonella spp.,invasive non-typhoidal salmonella spp.,2025,0.0004,0.00013,0.0012,proportion,expert_plausible_range,expert_best_guess_placeholder,canonical_target_note_source_unresolved,,Broad one-third-to-threefold range where source precision is unresolved.,"Range tier follows the provenance wording in the canonical target note; it is a display-only plausible range, not a statistical confidence interval.",2026-07-28
calibration-target-ranges-v1,infection_incidence,shigella spp.,shigella spp.,2025,0.024,0.012,0.048,proportion,expert_plausible_range,source_informed_transformed,canonical_target_note_source_unresolved,,0.5x-2x multiplicative range around a source-informed central estimate.,"Range tier follows the provenance wording in the canonical target note; it is a display-only plausible range, not a statistical confidence interval.",2026-07-28
calibration-target-ranges-v1,infection_incidence,neisseria gonorrhoeae,neisseria gonorrhoeae,2025,0.01,0.007,0.013,proportion,derived_plausible_range,source_informed_transformed,canonical_target_note_explicit_range,,Explicit source-informed range override for this target.,"The canonical target note contains a quantitative range or a sufficiently specific source estimate to use an explicit, rounded plausible interval.",2026-07-28
calibration-target-ranges-v1,infection_incidence,streptococcus pyogenes,streptococcus pyogenes,2025,0.002,0.00067,0.006,proportion,expert_plausible_range,expert_best_guess_placeholder,canonical_target_note_source_unresolved,,Broad one-third-to-threefold range where source precision is unresolved.,"Range tier follows the provenance wording in the canonical target note; it is a display-only plausible range, not a statistical confidence interval.",2026-07-28
calibration-target-ranges-v1,infection_incidence,streptococcus agalactiae,streptococcus agalactiae,2025,0.0003,0.0001,0.0009,proportion,expert_plausible_range,expert_best_guess_placeholder,canonical_target_note_source_unresolved,,Broad one-third-to-threefold range where source precision is unresolved.,"Range tier follows the provenance wording in the canonical target note; it is a display-only plausible range, not a statistical confidence interval.",2026-07-28
calibration-target-ranges-v1,infection_incidence,haemophilus influenzae,haemophilus influenzae,2025,0.0008,0.00027,0.0024,proportion,expert_plausible_range,expert_best_guess_placeholder,canonical_target_note_source_unresolved,,Broad one-third-to-threefold range where source precision is unresolved.,"Range tier follows the provenance wording in the canonical target note; it is a display-only plausible range, not a statistical confidence interval.",2026-07-28
calibration-target-ranges-v1,infection_incidence,chlamydia trachomatis,chlamydia trachomatis,2025,0.016,0.012,0.02,proportion,derived_plausible_range,source_informed_transformed,canonical_target_note_explicit_range,,Explicit source-informed range override for this target.,"The canonical target note contains a quantitative range or a sufficiently specific source estimate to use an explicit, rounded plausible interval.",2026-07-28
calibration-target-ranges-v1,infection_incidence,vibrio cholerae,vibrio cholerae,2025,0.0005,0.00015,0.0006,proportion,derived_plausible_range,source_informed_transformed,who_cholera_global_cases,https://www.who.int/news-room/fact-sheets/detail/cholera,"WHO 1.3-4.0 million annual case range divided by 8.2 billion, with a rounded upper bound that contains the existing 4.1 million target.","The canonical target note contains a quantitative range or a sufficiently specific source estimate to use an explicit, rounded plausible interval.",2026-07-28
calibration-target-ranges-v1,infection_incidence,neisseria meningitidis,neisseria meningitidis,2025,6e-05,2e-05,0.00018,proportion,expert_plausible_range,expert_best_guess_placeholder,canonical_target_note_source_unresolved,,Broad one-third-to-threefold range where source precision is unresolved.,"Range tier follows the provenance wording in the canonical target note; it is a display-only plausible range, not a statistical confidence interval.",2026-07-28
calibration-target-ranges-v1,infection_incidence,listeria monocytogenes,listeria monocytogenes,2025,4e-06,1e-06,1.6e-05,proportion,expert_plausible_range,expert_best_guess_placeholder,canonical_target_note_source_unresolved,,Broad 0.25x-4x multiplicative range for an explicitly uncertain placeholder.,"Range tier follows the provenance wording in the canonical target note; it is a display-only plausible range, not a statistical confidence interval.",2026-07-28
calibration-target-ranges-v1,infection_incidence,clostridioides difficile,clostridioides difficile,2025,0.00025,6.3e-05,0.001,proportion,expert_plausible_range,expert_best_guess_placeholder,canonical_target_note_source_unresolved,,Broad 0.25x-4x multiplicative range for an explicitly uncertain placeholder.,"Range tier follows the provenance wording in the canonical target note; it is a display-only plausible range, not a statistical confidence interval.",2026-07-28
calibration-target-ranges-v1,infection_incidence,campylobacter jejuni,campylobacter jejuni,2025,0.012,0.006,0.024,proportion,expert_plausible_range,source_informed_transformed,canonical_target_note_source_unresolved,,0.5x-2x multiplicative range around a source-informed central estimate.,"Range tier follows the provenance wording in the canonical target note; it is a display-only plausible range, not a statistical confidence interval.",2026-07-28
calibration-target-ranges-v1,infection_incidence,enterobacter cloacae,enterobacter cloacae,2025,0.0001,3.3e-05,0.0003,proportion,expert_plausible_range,expert_best_guess_placeholder,canonical_target_note_source_unresolved,,Broad one-third-to-threefold range where source precision is unresolved.,"Range tier follows the provenance wording in the canonical target note; it is a display-only plausible range, not a statistical confidence interval.",2026-07-28
calibration-target-ranges-v1,infection_incidence,yersinia enterocolitica,yersinia enterocolitica,2025,5e-05,1.7e-05,0.00015,proportion,expert_plausible_range,expert_best_guess_placeholder,canonical_target_note_source_unresolved,,Broad one-third-to-threefold range where source precision is unresolved.,"Range tier follows the provenance wording in the canonical target note; it is a display-only plausible range, not a statistical confidence interval.",2026-07-28
calibration-target-ranges-v1,infection_incidence,moraxella catarrhalis,moraxella catarrhalis,2025,0.0008,0.00027,0.0024,proportion,expert_plausible_range,expert_best_guess_placeholder,canonical_target_note_source_unresolved,,Broad one-third-to-threefold range where source precision is unresolved.,"Range tier follows the provenance wording in the canonical target note; it is a display-only plausible range, not a statistical confidence interval.",2026-07-28
calibration-target-ranges-v1,infection_incidence,treponema pallidum,treponema pallidum,2025,0.001,0.0007,0.0013,proportion,derived_plausible_range,source_informed_transformed,canonical_target_note_explicit_range,,Explicit source-informed range override for this target.,"The canonical target note contains a quantitative range or a sufficiently specific source estimate to use an explicit, rounded plausible interval.",2026-07-28
calibration-target-ranges-v1,infection_incidence,bordetella pertussis,bordetella pertussis,2025,0.002,0.001,0.003,proportion,derived_plausible_range,source_informed_transformed,canonical_target_note_explicit_range,,Explicit source-informed range override for this target.,"The canonical target note contains a quantitative range or a sufficiently specific source estimate to use an explicit, rounded plausible interval.",2026-07-28
calibration-target-ranges-v1,infection_incidence,helicobacter pylori,helicobacter pylori,2025,0.025,0.0083,0.075,proportion,expert_plausible_range,expert_best_guess_placeholder,canonical_target_note_source_unresolved,,Broad one-third-to-threefold range where source precision is unresolved.,"Range tier follows the provenance wording in the canonical target note; it is a display-only plausible range, not a statistical confidence interval.",2026-07-28
calibration-target-ranges-v1,infection_incidence,mdr mycobacterium tuberculosis,mdr mycobacterium tuberculosis,2025,5e-05,4e-05,7e-05,proportion,derived_plausible_range,source_informed_transformed,canonical_target_note_explicit_range,,Explicit source-informed range override for this target.,"The canonical target note contains a quantitative range or a sufficiently specific source estimate to use an explicit, rounded plausible interval.",2026-07-28
calibration-target-ranges-v1,infection_incidence,bacteroides fragilis,bacteroides fragilis,2025,0.0004,0.0001,0.0016,proportion,expert_plausible_range,expert_best_guess_placeholder,canonical_target_note_source_unresolved,,Broad 0.25x-4x multiplicative range for an explicitly uncertain placeholder.,"Range tier follows the provenance wording in the canonical target note; it is a display-only plausible range, not a statistical confidence interval.",2026-07-28
calibration-target-ranges-v1,infection_incidence,mycoplasma genitalium,mycoplasma genitalium,2025,0.004,0.002,0.008,proportion,expert_plausible_range,source_informed_transformed,canonical_target_note_source_unresolved,,0.5x-2x multiplicative range around a source-informed central estimate.,"Range tier follows the provenance wording in the canonical target note; it is a display-only plausible range, not a statistical confidence interval.",2026-07-28
calibration-target-ranges-v1,infection_incidence,providencia stuartii,providencia stuartii,2025,4e-05,1e-05,0.00016,proportion,expert_plausible_range,expert_best_guess_placeholder,canonical_target_note_source_unresolved,,Broad 0.25x-4x multiplicative range for an explicitly uncertain placeholder.,"Range tier follows the provenance wording in the canonical target note; it is a display-only plausible range, not a statistical confidence interval.",2026-07-28
calibration-target-ranges-v1,infection_incidence,mycoplasma pneumoniae,mycoplasma pneumoniae,2025,0.005,0.0017,0.015,proportion,expert_plausible_range,expert_best_guess_placeholder,canonical_target_note_source_unresolved,,Broad one-third-to-threefold range where source precision is unresolved.,"Range tier follows the provenance wording in the canonical target note; it is a display-only plausible range, not a statistical confidence interval.",2026-07-28
calibration-target-ranges-v1,infection_incidence,legionella pneumophila,legionella pneumophila,2025,0.00015,5e-05,0.00045,proportion,expert_plausible_range,expert_best_guess_placeholder,canonical_target_note_source_unresolved,,Broad one-third-to-threefold range where source precision is unresolved.,"Range tier follows the provenance wording in the canonical target note; it is a display-only plausible range, not a statistical confidence interval.",2026-07-28
calibration-target-ranges-v1,infection_incidence,burkholderia cepacia complex,burkholderia cepacia complex,2025,2e-05,6.7e-06,6e-05,proportion,expert_plausible_range,expert_best_guess_placeholder,canonical_target_note_source_unresolved,,Broad one-third-to-threefold range where source precision is unresolved.,"Range tier follows the provenance wording in the canonical target note; it is a display-only plausible range, not a statistical confidence interval.",2026-07-28
calibration-target-ranges-v1,carriage,acinetobacter baumannii,acinetobacter baumannii,2025,0.01,0.003,0.03,proportion,derived_plausible_range,source_informed_transformed,canonical_target_note_explicit_range,,Explicit source-informed range override for this target.,"The canonical target note contains a quantitative range or a sufficiently specific source estimate to use an explicit, rounded plausible interval.",2026-07-28
calibration-target-ranges-v1,carriage,citrobacter spp.,citrobacter spp.,2025,0.05,0.017,0.15,proportion,expert_plausible_range,expert_best_guess_placeholder,canonical_target_note_source_unresolved,,Broad one-third-to-threefold range where source precision is unresolved.,"Range tier follows the provenance wording in the canonical target note; it is a display-only plausible range, not a statistical confidence interval.",2026-07-28
calibration-target-ranges-v1,carriage,enterobacter spp.,enterobacter spp.,2025,0.08,0.02,0.32,proportion,expert_plausible_range,expert_best_guess_placeholder,canonical_target_note_source_unresolved,,Broad 0.25x-4x multiplicative range for an explicitly uncertain placeholder.,"Range tier follows the provenance wording in the canonical target note; it is a display-only plausible range, not a statistical confidence interval.",2026-07-28
calibration-target-ranges-v1,carriage,enterococcus faecalis,enterococcus faecalis,2025,0.8,0.6,0.95,proportion,derived_plausible_range,source_informed_transformed,canonical_target_note_explicit_range,,Explicit source-informed range override for this target.,"The canonical target note contains a quantitative range or a sufficiently specific source estimate to use an explicit, rounded plausible interval.",2026-07-28
calibration-target-ranges-v1,carriage,enterococcus faecium,enterococcus faecium,2025,0.25,0.1,0.5,proportion,derived_plausible_range,source_informed_transformed,canonical_target_note_explicit_range,,Explicit source-informed range override for this target.,"The canonical target note contains a quantitative range or a sufficiently specific source estimate to use an explicit, rounded plausible interval.",2026-07-28
calibration-target-ranges-v1,carriage,escherichia coli,escherichia coli,2025,0.95,0.85,0.99,proportion,derived_plausible_range,source_informed_transformed,canonical_target_note_explicit_range,,Explicit source-informed range override for this target.,"The canonical target note contains a quantitative range or a sufficiently specific source estimate to use an explicit, rounded plausible interval.",2026-07-28
calibration-target-ranges-v1,carriage,klebsiella pneumoniae,klebsiella pneumoniae,2025,0.2,0.05,0.4,proportion,derived_plausible_range,source_informed_transformed,canonical_target_note_explicit_range,,Explicit source-informed range override for this target.,"The canonical target note contains a quantitative range or a sufficiently specific source estimate to use an explicit, rounded plausible interval.",2026-07-28
calibration-target-ranges-v1,carriage,morganella spp.,morganella spp.,2025,0.02,0.0067,0.06,proportion,expert_plausible_range,expert_best_guess_placeholder,canonical_target_note_source_unresolved,,Broad one-third-to-threefold range where source precision is unresolved.,"Range tier follows the provenance wording in the canonical target note; it is a display-only plausible range, not a statistical confidence interval.",2026-07-28
calibration-target-ranges-v1,carriage,proteus spp.,proteus spp.,2025,0.05,0.017,0.15,proportion,expert_plausible_range,expert_best_guess_placeholder,canonical_target_note_source_unresolved,,Broad one-third-to-threefold range where source precision is unresolved.,"Range tier follows the provenance wording in the canonical target note; it is a display-only plausible range, not a statistical confidence interval.",2026-07-28
calibration-target-ranges-v1,carriage,serratia spp.,serratia spp.,2025,0.02,0.0067,0.06,proportion,expert_plausible_range,expert_best_guess_placeholder,canonical_target_note_source_unresolved,,Broad one-third-to-threefold range where source precision is unresolved.,"Range tier follows the provenance wording in the canonical target note; it is a display-only plausible range, not a statistical confidence interval.",2026-07-28
calibration-target-ranges-v1,carriage,pseudomonas aeruginosa,pseudomonas aeruginosa,2025,0.02,0.01,0.1,proportion,derived_plausible_range,source_informed_transformed,canonical_target_note_explicit_range,,Explicit source-informed range override for this target.,"The canonical target note contains a quantitative range or a sufficiently specific source estimate to use an explicit, rounded plausible interval.",2026-07-28
calibration-target-ranges-v1,carriage,stenotrophomonas maltophilia,stenotrophomonas maltophilia,2025,0.01,0.0025,0.04,proportion,expert_plausible_range,expert_best_guess_placeholder,canonical_target_note_source_unresolved,,Broad 0.25x-4x multiplicative range for an explicitly uncertain placeholder.,"Range tier follows the provenance wording in the canonical target note; it is a display-only plausible range, not a statistical confidence interval.",2026-07-28
calibration-target-ranges-v1,carriage,staphylococcus aureus,staphylococcus aureus,2025,0.3,0.2,0.4,proportion,derived_plausible_range,source_informed_transformed,canonical_target_note_explicit_range,,Explicit source-informed range override for this target.,"The canonical target note contains a quantitative range or a sufficiently specific source estimate to use an explicit, rounded plausible interval.",2026-07-28
calibration-target-ranges-v1,carriage,staphylococcus epidermidis,staphylococcus epidermidis,2025,0.95,0.85,0.99,proportion,derived_plausible_range,source_informed_transformed,canonical_target_note_explicit_range,,Explicit source-informed range override for this target.,"The canonical target note contains a quantitative range or a sufficiently specific source estimate to use an explicit, rounded plausible interval.",2026-07-28
calibration-target-ranges-v1,carriage,streptococcus pneumoniae,streptococcus pneumoniae,2025,0.35,0.1,0.6,proportion,derived_plausible_range,source_informed_transformed,canonical_target_note_explicit_range,,Explicit source-informed range override for this target.,"The canonical target note contains a quantitative range or a sufficiently specific source estimate to use an explicit, rounded plausible interval.",2026-07-28
calibration-target-ranges-v1,carriage,salmonella enterica serovar typhi,salmonella enterica serovar typhi,2025,0.0001,5e-05,0.0006,proportion,derived_plausible_range,source_informed_transformed,canonical_target_note_explicit_range,,Explicit source-informed range override for this target.,"The canonical target note contains a quantitative range or a sufficiently specific source estimate to use an explicit, rounded plausible interval.",2026-07-28
calibration-target-ranges-v1,carriage,salmonella enterica serovar paratyphi a,salmonella enterica serovar paratyphi a,2025,5e-05,1.3e-05,0.0002,proportion,expert_plausible_range,expert_best_guess_placeholder,canonical_target_note_source_unresolved,,Broad 0.25x-4x multiplicative range for an explicitly uncertain placeholder.,"Range tier follows the provenance wording in the canonical target note; it is a display-only plausible range, not a statistical confidence interval.",2026-07-28
calibration-target-ranges-v1,carriage,invasive non-typhoidal salmonella spp.,invasive non-typhoidal salmonella spp.,2025,0.001,0.00025,0.004,proportion,expert_plausible_range,expert_best_guess_placeholder,canonical_target_note_source_unresolved,,Broad 0.25x-4x multiplicative range for an explicitly uncertain placeholder.,"Range tier follows the provenance wording in the canonical target note; it is a display-only plausible range, not a statistical confidence interval.",2026-07-28
calibration-target-ranges-v1,carriage,shigella spp.,shigella spp.,2025,0.0005,0.00017,0.0015,proportion,expert_plausible_range,expert_best_guess_placeholder,canonical_target_note_source_unresolved,,Broad one-third-to-threefold range where source precision is unresolved.,"Range tier follows the provenance wording in the canonical target note; it is a display-only plausible range, not a statistical confidence interval.",2026-07-28
calibration-target-ranges-v1,carriage,neisseria gonorrhoeae,neisseria gonorrhoeae,2025,0.005,0.002,0.01,proportion,derived_plausible_range,source_informed_transformed,canonical_target_note_explicit_range,,Explicit source-informed range override for this target.,"The canonical target note contains a quantitative range or a sufficiently specific source estimate to use an explicit, rounded plausible interval.",2026-07-28
calibration-target-ranges-v1,carriage,streptococcus pyogenes,streptococcus pyogenes,2025,0.1,0.05,0.2,proportion,derived_plausible_range,source_informed_transformed,canonical_target_note_explicit_range,,Explicit source-informed range override for this target.,"The canonical target note contains a quantitative range or a sufficiently specific source estimate to use an explicit, rounded plausible interval.",2026-07-28
calibration-target-ranges-v1,carriage,streptococcus agalactiae,streptococcus agalactiae,2025,0.25,0.15,0.35,proportion,derived_plausible_range,source_informed_transformed,canonical_target_note_explicit_range,,Explicit source-informed range override for this target.,"The canonical target note contains a quantitative range or a sufficiently specific source estimate to use an explicit, rounded plausible interval.",2026-07-28
calibration-target-ranges-v1,carriage,haemophilus influenzae,haemophilus influenzae,2025,0.5,0.25,0.7,proportion,derived_plausible_range,source_informed_transformed,canonical_target_note_explicit_range,,Explicit source-informed range override for this target.,"The canonical target note contains a quantitative range or a sufficiently specific source estimate to use an explicit, rounded plausible interval.",2026-07-28
calibration-target-ranges-v1,carriage,chlamydia trachomatis,chlamydia trachomatis,2025,0.015,0.008,0.03,proportion,derived_plausible_range,source_informed_transformed,canonical_target_note_explicit_range,,Explicit source-informed range override for this target.,"The canonical target note contains a quantitative range or a sufficiently specific source estimate to use an explicit, rounded plausible interval.",2026-07-28
calibration-target-ranges-v1,carriage,vibrio cholerae,vibrio cholerae,2025,0.0001,3.3e-05,0.0003,proportion,expert_plausible_range,expert_best_guess_placeholder,canonical_target_note_source_unresolved,,Broad one-third-to-threefold range where source precision is unresolved.,"Range tier follows the provenance wording in the canonical target note; it is a display-only plausible range, not a statistical confidence interval.",2026-07-28
calibration-target-ranges-v1,carriage,neisseria meningitidis,neisseria meningitidis,2025,0.1,0.05,0.2,proportion,derived_plausible_range,source_informed_transformed,canonical_target_note_explicit_range,,Explicit source-informed range override for this target.,"The canonical target note contains a quantitative range or a sufficiently specific source estimate to use an explicit, rounded plausible interval.",2026-07-28
calibration-target-ranges-v1,carriage,listeria monocytogenes,listeria monocytogenes,2025,0.05,0.01,0.1,proportion,derived_plausible_range,source_informed_transformed,canonical_target_note_explicit_range,,Explicit source-informed range override for this target.,"The canonical target note contains a quantitative range or a sufficiently specific source estimate to use an explicit, rounded plausible interval.",2026-07-28
calibration-target-ranges-v1,carriage,clostridioides difficile,clostridioides difficile,2025,0.05,0.02,0.2,proportion,derived_plausible_range,source_informed_transformed,canonical_target_note_explicit_range,,Explicit source-informed range override for this target.,"The canonical target note contains a quantitative range or a sufficiently specific source estimate to use an explicit, rounded plausible interval.",2026-07-28
calibration-target-ranges-v1,carriage,campylobacter jejuni,campylobacter jejuni,2025,0.005,0.0013,0.02,proportion,expert_plausible_range,expert_best_guess_placeholder,canonical_target_note_source_unresolved,,Broad 0.25x-4x multiplicative range for an explicitly uncertain placeholder.,"Range tier follows the provenance wording in the canonical target note; it is a display-only plausible range, not a statistical confidence interval.",2026-07-28
calibration-target-ranges-v1,carriage,enterobacter cloacae,enterobacter cloacae,2025,0.06,0.015,0.24,proportion,expert_plausible_range,expert_best_guess_placeholder,canonical_target_note_source_unresolved,,Broad 0.25x-4x multiplicative range for an explicitly uncertain placeholder.,"Range tier follows the provenance wording in the canonical target note; it is a display-only plausible range, not a statistical confidence interval.",2026-07-28
calibration-target-ranges-v1,carriage,yersinia enterocolitica,yersinia enterocolitica,2025,0.0005,0.00013,0.002,proportion,expert_plausible_range,expert_best_guess_placeholder,canonical_target_note_source_unresolved,,Broad 0.25x-4x multiplicative range for an explicitly uncertain placeholder.,"Range tier follows the provenance wording in the canonical target note; it is a display-only plausible range, not a statistical confidence interval.",2026-07-28
calibration-target-ranges-v1,carriage,moraxella catarrhalis,moraxella catarrhalis,2025,0.4,0.2,0.6,proportion,derived_plausible_range,source_informed_transformed,canonical_target_note_explicit_range,,Explicit source-informed range override for this target.,"The canonical target note contains a quantitative range or a sufficiently specific source estimate to use an explicit, rounded plausible interval.",2026-07-28
calibration-target-ranges-v1,carriage,treponema pallidum,treponema pallidum,2025,0.001,0.00033,0.003,proportion,expert_plausible_range,expert_best_guess_placeholder,canonical_target_note_source_unresolved,,Broad one-third-to-threefold range where source precision is unresolved.,"Range tier follows the provenance wording in the canonical target note; it is a display-only plausible range, not a statistical confidence interval.",2026-07-28
calibration-target-ranges-v1,carriage,bordetella pertussis,bordetella pertussis,2025,0.0005,0.00017,0.0015,proportion,expert_plausible_range,expert_best_guess_placeholder,canonical_target_note_source_unresolved,,Broad one-third-to-threefold range where source precision is unresolved.,"Range tier follows the provenance wording in the canonical target note; it is a display-only plausible range, not a statistical confidence interval.",2026-07-28
calibration-target-ranges-v1,carriage,helicobacter pylori,helicobacter pylori,2025,0.0,0.0,0.0,proportion,design_constraint,structural_design,canonical_target_note_source_unresolved,,Fixed zero representing an explicit model-scope or ecological design constraint.,"Range tier follows the provenance wording in the canonical target note; it is a display-only plausible range, not a statistical confidence interval.",2026-07-28
calibration-target-ranges-v1,carriage,mdr mycobacterium tuberculosis,mdr mycobacterium tuberculosis,2025,0.0025,0.001,0.005,proportion,derived_plausible_range,source_informed_transformed,canonical_target_note_explicit_range,,Explicit source-informed range override for this target.,"The canonical target note contains a quantitative range or a sufficiently specific source estimate to use an explicit, rounded plausible interval.",2026-07-28
calibration-target-ranges-v1,carriage,bacteroides fragilis,bacteroides fragilis,2025,0.85,0.7,0.95,proportion,derived_plausible_range,source_informed_transformed,canonical_target_note_explicit_range,,Explicit source-informed range override for this target.,"The canonical target note contains a quantitative range or a sufficiently specific source estimate to use an explicit, rounded plausible interval.",2026-07-28
calibration-target-ranges-v1,carriage,mycoplasma genitalium,mycoplasma genitalium,2025,0.01,0.005,0.02,proportion,derived_plausible_range,source_informed_transformed,canonical_target_note_explicit_range,,Explicit source-informed range override for this target.,"The canonical target note contains a quantitative range or a sufficiently specific source estimate to use an explicit, rounded plausible interval.",2026-07-28
calibration-target-ranges-v1,carriage,providencia stuartii,providencia stuartii,2025,0.01,0.0025,0.04,proportion,expert_plausible_range,expert_best_guess_placeholder,canonical_target_note_source_unresolved,,Broad 0.25x-4x multiplicative range for an explicitly uncertain placeholder.,"Range tier follows the provenance wording in the canonical target note; it is a display-only plausible range, not a statistical confidence interval.",2026-07-28
calibration-target-ranges-v1,carriage,mycoplasma pneumoniae,mycoplasma pneumoniae,2025,0.02,0.01,0.05,proportion,derived_plausible_range,source_informed_transformed,canonical_target_note_explicit_range,,Explicit source-informed range override for this target.,"The canonical target note contains a quantitative range or a sufficiently specific source estimate to use an explicit, rounded plausible interval.",2026-07-28
calibration-target-ranges-v1,carriage,legionella pneumophila,legionella pneumophila,2025,0.0,0.0,0.0,proportion,design_constraint,structural_design,canonical_target_note_source_unresolved,,Fixed zero representing an explicit model-scope or ecological design constraint.,"Range tier follows the provenance wording in the canonical target note; it is a display-only plausible range, not a statistical confidence interval.",2026-07-28
calibration-target-ranges-v1,carriage,burkholderia cepacia complex,burkholderia cepacia complex,2025,0.001,0.00025,0.004,proportion,expert_plausible_range,expert_best_guess_placeholder,canonical_target_note_source_unresolved,,Broad 0.25x-4x multiplicative range for an explicitly uncertain placeholder.,"Range tier follows the provenance wording in the canonical target note; it is a display-only plausible range, not a statistical confidence interval.",2026-07-28
calibration-target-ranges-v1,infection_deaths,acinetobacter baumannii,acinetobacter baumannii,2025,0.452,0.269,0.693,millions,published_uncertainty_range,published_source_range,gbd_33_bacterial_pathogens_2019,https://pubmed.ncbi.nlm.nih.gov/36423648/,Published GBD 2019 95% uncertainty interval.,GBD 2019 all-age deaths and published 95% uncertainty interval.,2026-07-28
calibration-target-ranges-v1,infection_deaths,citrobacter spp.,citrobacter spp.,2025,0.0541,0.0332,0.0804,millions,published_uncertainty_range,published_source_range,gbd_33_bacterial_pathogens_2019,https://pubmed.ncbi.nlm.nih.gov/36423648/,Published GBD 2019 95% uncertainty interval.,GBD 2019 all-age deaths and published 95% uncertainty interval.,2026-07-28
calibration-target-ranges-v1,infection_deaths,enterobacter spp.,enterobacter spp.,2025,0.206,0.134,0.298,millions,derived_plausible_range,source_informed_transformed,gbd_33_bacterial_pathogens_2019,https://pubmed.ncbi.nlm.nih.gov/36423648/,GBD 2019 estimate and interval transferred using the documented model mapping (allocated_legacy_ratio).,Non-cloacae Enterobacter species; allocated 7/11 of the GBD Enterobacter spp central estimate and interval according to the previous relative split with separately modelled E. cloacae.,2026-07-28
calibration-target-ranges-v1,infection_deaths,enterococcus faecalis,enterococcus faecalis,2025,0.22,0.135,0.332,millions,published_uncertainty_range,published_source_range,gbd_33_bacterial_pathogens_2019,https://pubmed.ncbi.nlm.nih.gov/36423648/,Published GBD 2019 95% uncertainty interval.,GBD 2019 all-age deaths and published 95% uncertainty interval.,2026-07-28
calibration-target-ranges-v1,infection_deaths,enterococcus faecium,enterococcus faecium,2025,0.219,0.134,0.333,millions,published_uncertainty_range,published_source_range,gbd_33_bacterial_pathogens_2019,https://pubmed.ncbi.nlm.nih.gov/36423648/,Published GBD 2019 95% uncertainty interval.,GBD 2019 all-age deaths and published 95% uncertainty interval.,2026-07-28
calibration-target-ranges-v1,infection_deaths,escherichia coli,escherichia coli,2025,0.95,0.685,1.29,millions,published_uncertainty_range,published_source_range,gbd_33_bacterial_pathogens_2019,https://pubmed.ncbi.nlm.nih.gov/36423648/,Published GBD 2019 95% uncertainty interval.,GBD 2019 all-age deaths and published 95% uncertainty interval.,2026-07-28
calibration-target-ranges-v1,infection_deaths,klebsiella pneumoniae,klebsiella pneumoniae,2025,0.79,0.571,1.06,millions,published_uncertainty_range,published_source_range,gbd_33_bacterial_pathogens_2019,https://pubmed.ncbi.nlm.nih.gov/36423648/,Published GBD 2019 95% uncertainty interval.,GBD 2019 all-age deaths and published 95% uncertainty interval.,2026-07-28
calibration-target-ranges-v1,infection_deaths,morganella spp.,morganella spp.,2025,0.00551,0.0036,0.0082,millions,published_uncertainty_range,published_source_range,gbd_33_bacterial_pathogens_2019,https://pubmed.ncbi.nlm.nih.gov/36423648/,Published GBD 2019 95% uncertainty interval.,GBD 2019 all-age deaths and published 95% uncertainty interval.,2026-07-28
calibration-target-ranges-v1,infection_deaths,proteus spp.,proteus spp.,2025,0.109,0.0722,0.157,millions,published_uncertainty_range,published_source_range,gbd_33_bacterial_pathogens_2019,https://pubmed.ncbi.nlm.nih.gov/36423648/,Published GBD 2019 95% uncertainty interval.,GBD 2019 all-age deaths and published 95% uncertainty interval.,2026-07-28
calibration-target-ranges-v1,infection_deaths,serratia spp.,serratia spp.,2025,0.1,0.0621,0.154,millions,published_uncertainty_range,published_source_range,gbd_33_bacterial_pathogens_2019,https://pubmed.ncbi.nlm.nih.gov/36423648/,Published GBD 2019 95% uncertainty interval.,GBD 2019 all-age deaths and published 95% uncertainty interval.,2026-07-28
calibration-target-ranges-v1,infection_deaths,pseudomonas aeruginosa,pseudomonas aeruginosa,2025,0.559,0.39,0.769,millions,published_uncertainty_range,published_source_range,gbd_33_bacterial_pathogens_2019,https://pubmed.ncbi.nlm.nih.gov/36423648/,Published GBD 2019 95% uncertainty interval.,GBD 2019 all-age deaths and published 95% uncertainty interval.,2026-07-28
calibration-target-ranges-v1,infection_deaths,stenotrophomonas maltophilia,stenotrophomonas maltophilia,2025,0.01,0.0025,0.04,millions,expert_plausible_range,expert_best_guess_placeholder,review_informed_model_only,,Explicit review-informed plausible range from the canonical target file.,Model-only organism not reported separately in the GBD 33-pathogen analysis; broad review-informed estimate for opportunistic high-acuity infections.,2026-07-28
calibration-target-ranges-v1,infection_deaths,staphylococcus aureus,staphylococcus aureus,2025,1.105,0.816,1.47,millions,published_uncertainty_range,published_source_range,gbd_33_bacterial_pathogens_2019,https://pubmed.ncbi.nlm.nih.gov/36423648/,Published GBD 2019 95% uncertainty interval.,GBD 2019 all-age deaths and published 95% uncertainty interval.,2026-07-28
calibration-target-ranges-v1,infection_deaths,staphylococcus epidermidis,staphylococcus epidermidis,2025,0.02,0.005,0.08,millions,expert_plausible_range,expert_best_guess_placeholder,review_informed_model_only,,Explicit review-informed plausible range from the canonical target file.,Model-only organism not reported separately in the GBD 33-pathogen analysis; broad review-informed estimate for device-associated and bloodstream infection mortality.,2026-07-28
calibration-target-ranges-v1,infection_deaths,streptococcus pneumoniae,streptococcus pneumoniae,2025,0.829,0.682,1.01,millions,published_uncertainty_range,published_source_range,gbd_33_bacterial_pathogens_2019,https://pubmed.ncbi.nlm.nih.gov/36423648/,Published GBD 2019 95% uncertainty interval.,GBD 2019 all-age deaths and published 95% uncertainty interval.,2026-07-28
calibration-target-ranges-v1,infection_deaths,salmonella enterica serovar typhi,salmonella enterica serovar typhi,2025,0.182,0.118,0.271,millions,published_uncertainty_range,published_source_range,gbd_33_bacterial_pathogens_2019,https://pubmed.ncbi.nlm.nih.gov/36423648/,Published GBD 2019 95% uncertainty interval.,GBD 2019 all-age deaths and published 95% uncertainty interval.,2026-07-28
calibration-target-ranges-v1,infection_deaths,salmonella enterica serovar paratyphi a,salmonella enterica serovar paratyphi a,2025,0.0233,0.00981,0.0457,millions,derived_plausible_range,source_informed_transformed,gbd_33_bacterial_pathogens_2019,https://pubmed.ncbi.nlm.nih.gov/36423648/,GBD 2019 estimate and interval transferred using the documented model mapping (category_proxy).,The model represents serovar Paratyphi A; the broader GBD Salmonella Paratyphi estimate and interval are used as a pragmatic proxy.,2026-07-28
calibration-target-ranges-v1,infection_deaths,invasive non-typhoidal salmonella spp.,invasive non-typhoidal salmonella spp.,2025,0.215,0.135,0.327,millions,published_uncertainty_range,published_source_range,gbd_33_bacterial_pathogens_2019,https://pubmed.ncbi.nlm.nih.gov/36423648/,Published GBD 2019 95% uncertainty interval.,GBD 2019 all-age deaths and published 95% uncertainty interval.,2026-07-28
calibration-target-ranges-v1,infection_deaths,shigella spp.,shigella spp.,2025,0.113,0.0498,0.214,millions,published_uncertainty_range,published_source_range,gbd_33_bacterial_pathogens_2019,https://pubmed.ncbi.nlm.nih.gov/36423648/,Published GBD 2019 95% uncertainty interval.,GBD 2019 all-age deaths and published 95% uncertainty interval.,2026-07-28
calibration-target-ranges-v1,infection_deaths,neisseria gonorrhoeae,neisseria gonorrhoeae,2025,0.00296,0.00232,0.00336,millions,published_uncertainty_range,published_source_range,gbd_33_bacterial_pathogens_2019,https://pubmed.ncbi.nlm.nih.gov/36423648/,Published GBD 2019 95% uncertainty interval.,GBD 2019 all-age deaths and published 95% uncertainty interval.,2026-07-28
calibration-target-ranges-v1,infection_deaths,streptococcus pyogenes,streptococcus pyogenes,2025,0.198,0.108,0.36,millions,published_uncertainty_range,published_source_range,gbd_33_bacterial_pathogens_2019,https://pubmed.ncbi.nlm.nih.gov/36423648/,Published GBD 2019 95% uncertainty interval.,GBD 2019 all-age deaths and published 95% uncertainty interval.,2026-07-28
calibration-target-ranges-v1,infection_deaths,streptococcus agalactiae,streptococcus agalactiae,2025,0.32,0.235,0.42,millions,published_uncertainty_range,published_source_range,gbd_33_bacterial_pathogens_2019,https://pubmed.ncbi.nlm.nih.gov/36423648/,Published GBD 2019 95% uncertainty interval.,GBD 2019 all-age deaths and published 95% uncertainty interval.,2026-07-28
calibration-target-ranges-v1,infection_deaths,haemophilus influenzae,haemophilus influenzae,2025,0.101,0.0828,0.124,millions,published_uncertainty_range,published_source_range,gbd_33_bacterial_pathogens_2019,https://pubmed.ncbi.nlm.nih.gov/36423648/,Published GBD 2019 95% uncertainty interval.,GBD 2019 all-age deaths and published 95% uncertainty interval.,2026-07-28
calibration-target-ranges-v1,infection_deaths,chlamydia trachomatis,chlamydia trachomatis,2025,0.000972,0.000757,0.00111,millions,derived_plausible_range,source_informed_transformed,gbd_33_bacterial_pathogens_2019,https://pubmed.ncbi.nlm.nih.gov/36423648/,GBD 2019 estimate and interval transferred using the documented model mapping (syndrome_component_proxy).,The model represents C. trachomatis rather than the broader GBD Chlamydia spp group; the GBD chlamydia-and-gonorrhoea syndrome component is used instead of the respiratory-dominated group total.,2026-07-28
calibration-target-ranges-v1,infection_deaths,vibrio cholerae,vibrio cholerae,2025,0.0964,0.0527,0.159,millions,published_uncertainty_range,published_source_range,gbd_33_bacterial_pathogens_2019,https://pubmed.ncbi.nlm.nih.gov/36423648/,Published GBD 2019 95% uncertainty interval.,GBD 2019 all-age deaths and published 95% uncertainty interval.,2026-07-28
calibration-target-ranges-v1,infection_deaths,neisseria meningitidis,neisseria meningitidis,2025,0.141,0.0968,0.203,millions,published_uncertainty_range,published_source_range,gbd_33_bacterial_pathogens_2019,https://pubmed.ncbi.nlm.nih.gov/36423648/,Published GBD 2019 95% uncertainty interval.,GBD 2019 all-age deaths and published 95% uncertainty interval.,2026-07-28
calibration-target-ranges-v1,infection_deaths,listeria monocytogenes,listeria monocytogenes,2025,0.0149,0.0101,0.0216,millions,published_uncertainty_range,published_source_range,gbd_33_bacterial_pathogens_2019,https://pubmed.ncbi.nlm.nih.gov/36423648/,Published GBD 2019 95% uncertainty interval.,GBD 2019 all-age deaths and published 95% uncertainty interval.,2026-07-28
calibration-target-ranges-v1,infection_deaths,clostridioides difficile,clostridioides difficile,2025,0.0332,0.0253,0.0449,millions,published_uncertainty_range,published_source_range,gbd_33_bacterial_pathogens_2019,https://pubmed.ncbi.nlm.nih.gov/36423648/,Published GBD 2019 95% uncertainty interval.,GBD 2019 all-age deaths and published 95% uncertainty interval.,2026-07-28
calibration-target-ranges-v1,infection_deaths,campylobacter jejuni,campylobacter jejuni,2025,0.123,0.0393,0.266,millions,derived_plausible_range,source_informed_transformed,gbd_33_bacterial_pathogens_2019,https://pubmed.ncbi.nlm.nih.gov/36423648/,GBD 2019 estimate and interval transferred using the documented model mapping (category_proxy).,The broader GBD Campylobacter spp estimate and interval are used as a proxy because C. jejuni is the model's only Campylobacter category.,2026-07-28
calibration-target-ranges-v1,infection_deaths,enterobacter cloacae,enterobacter cloacae,2025,0.118,0.077,0.17,millions,derived_plausible_range,source_informed_transformed,gbd_33_bacterial_pathogens_2019,https://pubmed.ncbi.nlm.nih.gov/36423648/,GBD 2019 estimate and interval transferred using the documented model mapping (allocated_legacy_ratio).,Enterobacter cloacae complex is separately modelled; allocated 4/11 of the GBD Enterobacter spp central estimate and interval according to the previous relative split with non-cloacae Enterobacter.,2026-07-28
calibration-target-ranges-v1,infection_deaths,yersinia enterocolitica,yersinia enterocolitica,2025,0.001,0.00025,0.004,millions,expert_plausible_range,expert_best_guess_placeholder,review_informed_model_only,,Explicit review-informed plausible range from the canonical target file.,Model-only organism not reported separately in the GBD 33-pathogen analysis; broad review-informed estimate for rare fatal foodborne disease.,2026-07-28
calibration-target-ranges-v1,infection_deaths,moraxella catarrhalis,moraxella catarrhalis,2025,0.01,0.0025,0.04,millions,expert_plausible_range,expert_best_guess_placeholder,review_informed_model_only,,Explicit review-informed plausible range from the canonical target file.,Model-only organism not reported separately in the GBD 33-pathogen analysis; broad review-informed estimate for lower-respiratory mortality.,2026-07-28
calibration-target-ranges-v1,infection_deaths,treponema pallidum,treponema pallidum,2025,0.2,0.1,0.4,millions,expert_plausible_range,source_informed_transformed,who_syphilis_burden,https://www.who.int/news-room/fact-sheets/detail/syphilis,Explicit review-informed plausible range from the canonical target file.,"Syphilis mortality review-informed estimate, including congenital disease; not part of the GBD 33-pathogen total.",2026-07-28
calibration-target-ranges-v1,infection_deaths,bordetella pertussis,bordetella pertussis,2025,0.16,0.08,0.32,millions,expert_plausible_range,source_informed_transformed,who_pertussis_burden,https://www.who.int/publications/m/item/vaccine-preventable-diseases-surveillance-standards-pertussis,Explicit review-informed plausible range from the canonical target file.,Pertussis mortality review-informed estimate; not part of the GBD 33-pathogen total.,2026-07-28
calibration-target-ranges-v1,infection_deaths,helicobacter pylori,helicobacter pylori,2025,0.8,0.4,1.6,millions,expert_plausible_range,source_informed_transformed,h_pylori_gastric_cancer_proxy,https://doi.org/10.1002/ijc.28999,Explicit review-informed plausible range from the canonical target file.,"Review-informed proxy for H. pylori-attributable gastric-cancer mortality; the source primarily reports attributable cancer cases, so the uncertainty range is broad and this row is excluded from the headline total.",2026-07-28
calibration-target-ranges-v1,infection_deaths,mdr mycobacterium tuberculosis,mdr mycobacterium tuberculosis,2025,0.19,0.095,0.38,millions,expert_plausible_range,source_informed_transformed,who_mdr_tb_burden,https://www.who.int/teams/global-programme-on-tuberculosis-and-lung-health/tb-reports,Explicit review-informed plausible range from the canonical target file.,WHO-informed MDR-TB mortality estimate; tuberculosis was outside the GBD 33-pathogen analysis and this row is excluded from the headline total.,2026-07-28
calibration-target-ranges-v1,infection_deaths,bacteroides fragilis,bacteroides fragilis,2025,0.03,0.0075,0.12,millions,expert_plausible_range,expert_best_guess_placeholder,review_informed_model_only,,Explicit review-informed plausible range from the canonical target file.,Model-only organism not reported separately in the GBD 33-pathogen analysis; broad placeholder extrapolated from intra-abdominal and polymicrobial mortality.,2026-07-28
calibration-target-ranges-v1,infection_deaths,mycoplasma genitalium,mycoplasma genitalium,2025,0.0005,0.000125,0.002,millions,expert_plausible_range,expert_best_guess_placeholder,review_informed_model_only,,Explicit review-informed plausible range from the canonical target file.,Model-only genital organism not separately identifiable in the respiratory-dominated GBD Mycoplasma spp category; broad review-informed estimate.,2026-07-28
calibration-target-ranges-v1,infection_deaths,providencia stuartii,providencia stuartii,2025,0.00503,0.00311,0.00772,millions,derived_plausible_range,source_informed_transformed,gbd_33_bacterial_pathogens_2019,https://pubmed.ncbi.nlm.nih.gov/36423648/,GBD 2019 estimate and interval transferred using the documented model mapping (category_proxy).,The broader GBD Providencia spp estimate and interval are used as a proxy because P. stuartii is the model's only Providencia category.,2026-07-28
calibration-target-ranges-v1,infection_deaths,mycoplasma pneumoniae,mycoplasma pneumoniae,2025,0.0894,0.0744,0.108,millions,derived_plausible_range,source_informed_transformed,gbd_33_bacterial_pathogens_2019,https://pubmed.ncbi.nlm.nih.gov/36423648/,GBD 2019 estimate and interval transferred using the documented model mapping (category_proxy).,The respiratory GBD Mycoplasma spp estimate and interval are used as a proxy for M. pneumoniae.,2026-07-28
calibration-target-ranges-v1,infection_deaths,legionella pneumophila,legionella pneumophila,2025,0.0564,0.0442,0.0744,millions,derived_plausible_range,source_informed_transformed,gbd_33_bacterial_pathogens_2019,https://pubmed.ncbi.nlm.nih.gov/36423648/,GBD 2019 estimate and interval transferred using the documented model mapping (category_proxy).,The broader GBD Legionella spp estimate and interval are used as a proxy because L. pneumophila is the model's only Legionella category.,2026-07-28
calibration-target-ranges-v1,infection_deaths,burkholderia cepacia complex,burkholderia cepacia complex,2025,0.005,0.00125,0.02,millions,expert_plausible_range,expert_best_guess_placeholder,review_informed_model_only,,Explicit review-informed plausible range from the canonical target file.,Model-only organism not reported separately in the GBD 33-pathogen analysis; broad review-informed estimate for rare high-risk cohorts.,2026-07-28
