old_target_set_version,new_target_set_version,component,bacteria,drug,revision_kind,old_value,new_value,old_status,new_status,old_provenance_class,new_provenance_class,old_source_id,new_source_id,old_include_in_score,new_include_in_score,old_score_exclusion_reason,new_score_exclusion_reason,rationale,review_source_ids
resistance_targets_v1,resistance_targets_v2,resistance_prevalence_any_r_positive,Enterococcus faecium,tigecycline,withdrawal_as_unassigned,0.4,,active_target,legacy_unclassified_missing,evidence_informed_benchmark_cell_provenance_unrecovered,not_assigned,legacy_prevalence_note__enterococcus_faecium,review_efa_unassigned_v2,true,false,,legacy_prevalence_target_missing,Legacy positive central reference withdrawn: exact all-region resistant proportion and susceptibility criteria not recovered; restricted country estimates not transformed into global references.,liu_atlas_2019_2023;coombs_aesop_2024;altun_klimik_2010_2023
resistance_targets_v1,resistance_targets_v2,resistance_prevalence_any_r_positive,Enterococcus faecium,linezolid,withdrawal_as_unassigned,0.1,,active_target,legacy_unclassified_missing,evidence_informed_benchmark_cell_provenance_unrecovered,not_assigned,legacy_prevalence_note__enterococcus_faecium,review_efa_unassigned_v2,true,false,,legacy_prevalence_target_missing,Legacy positive central reference withdrawn: exact all-region resistant proportion and susceptibility criteria not recovered; restricted country estimates not transformed into global references.,liu_atlas_2019_2023;coombs_aesop_2024;altun_klimik_2010_2023
resistance_targets_v1,resistance_targets_v2,resistance_prevalence_any_r_positive,Chlamydia trachomatis,erythromycin,withdrawal_as_unassigned,0.1,,active_target,legacy_unclassified_missing,evidence_informed_benchmark_cell_provenance_unrecovered,not_assigned,legacy_prevalence_note__chlamydia_trachomatis,review_ct_unassigned_v2,true,false,,legacy_prevalence_target_missing,"Unsupported positive legacy reference withdrawn: only generic WHO GLASS/GRAM note, without compatible recovered species-drug provenance. Absence of evidence is not proof of zero resistance.",kang_korea_2016_2019
resistance_targets_v1,resistance_targets_v2,resistance_prevalence_any_r_positive,Chlamydia trachomatis,azithromycin,withdrawal_as_unassigned,0.05,,active_target,legacy_unclassified_missing,evidence_informed_benchmark_cell_provenance_unrecovered,not_assigned,legacy_prevalence_note__chlamydia_trachomatis,review_ct_unassigned_v2,true,false,,legacy_prevalence_target_missing,"Unsupported positive legacy reference withdrawn: only generic WHO GLASS/GRAM note, without compatible recovered species-drug provenance. Absence of evidence is not proof of zero resistance.",kang_korea_2016_2019
resistance_targets_v1,resistance_targets_v2,resistance_prevalence_any_r_positive,Chlamydia trachomatis,clarithromycin,withdrawal_as_unassigned,0.1,,active_target,legacy_unclassified_missing,evidence_informed_benchmark_cell_provenance_unrecovered,not_assigned,legacy_prevalence_note__chlamydia_trachomatis,review_ct_unassigned_v2,true,false,,legacy_prevalence_target_missing,"Unsupported positive legacy reference withdrawn: only generic WHO GLASS/GRAM note, without compatible recovered species-drug provenance. Absence of evidence is not proof of zero resistance.",kang_korea_2016_2019
resistance_targets_v1,resistance_targets_v2,resistance_prevalence_any_r_positive,Chlamydia trachomatis,clindamycin,withdrawal_as_unassigned,0.2,,active_target,legacy_unclassified_missing,evidence_informed_benchmark_cell_provenance_unrecovered,not_assigned,legacy_prevalence_note__chlamydia_trachomatis,review_ct_unassigned_v2,true,false,,legacy_prevalence_target_missing,"Unsupported positive legacy reference withdrawn: only generic WHO GLASS/GRAM note, without compatible recovered species-drug provenance. Absence of evidence is not proof of zero resistance.",kang_korea_2016_2019
resistance_targets_v1,resistance_targets_v2,resistance_prevalence_any_r_positive,Chlamydia trachomatis,ciprofloxacin,withdrawal_as_unassigned,0.1,,active_target,legacy_unclassified_missing,evidence_informed_benchmark_cell_provenance_unrecovered,not_assigned,legacy_prevalence_note__chlamydia_trachomatis,review_ct_unassigned_v2,true,false,,legacy_prevalence_target_missing,"Unsupported positive legacy reference withdrawn: only generic WHO GLASS/GRAM note, without compatible recovered species-drug provenance. Absence of evidence is not proof of zero resistance.",kang_korea_2016_2019
resistance_targets_v1,resistance_targets_v2,resistance_prevalence_any_r_positive,Chlamydia trachomatis,levofloxacin,withdrawal_as_unassigned,0.05,,active_target,legacy_unclassified_missing,evidence_informed_benchmark_cell_provenance_unrecovered,not_assigned,legacy_prevalence_note__chlamydia_trachomatis,review_ct_unassigned_v2,true,false,,legacy_prevalence_target_missing,"Unsupported positive legacy reference withdrawn: only generic WHO GLASS/GRAM note, without compatible recovered species-drug provenance. Absence of evidence is not proof of zero resistance.",kang_korea_2016_2019
resistance_targets_v1,resistance_targets_v2,resistance_prevalence_any_r_positive,Chlamydia trachomatis,moxifloxacin,withdrawal_as_unassigned,0.05,,active_target,legacy_unclassified_missing,evidence_informed_benchmark_cell_provenance_unrecovered,not_assigned,legacy_prevalence_note__chlamydia_trachomatis,review_ct_unassigned_v2,true,false,,legacy_prevalence_target_missing,"Unsupported positive legacy reference withdrawn: only generic WHO GLASS/GRAM note, without compatible recovered species-drug provenance. Absence of evidence is not proof of zero resistance.",kang_korea_2016_2019
resistance_targets_v1,resistance_targets_v2,resistance_prevalence_any_r_positive,Chlamydia trachomatis,ofloxacin,withdrawal_as_unassigned,0.1,,active_target,legacy_unclassified_missing,evidence_informed_benchmark_cell_provenance_unrecovered,not_assigned,legacy_prevalence_note__chlamydia_trachomatis,review_ct_unassigned_v2,true,false,,legacy_prevalence_target_missing,"Unsupported positive legacy reference withdrawn: only generic WHO GLASS/GRAM note, without compatible recovered species-drug provenance. Absence of evidence is not proof of zero resistance.",kang_korea_2016_2019
resistance_targets_v1,resistance_targets_v2,resistance_prevalence_any_r_positive,Chlamydia trachomatis,tetracycline,withdrawal_as_unassigned,0.05,,active_target,legacy_unclassified_missing,evidence_informed_benchmark_cell_provenance_unrecovered,not_assigned,legacy_prevalence_note__chlamydia_trachomatis,review_ct_unassigned_v2,true,false,,legacy_prevalence_target_missing,"Unsupported positive legacy reference withdrawn: only generic WHO GLASS/GRAM note, without compatible recovered species-drug provenance. Absence of evidence is not proof of zero resistance.",kang_korea_2016_2019
resistance_targets_v1,resistance_targets_v2,resistance_prevalence_any_r_positive,Chlamydia trachomatis,doxycycline,withdrawal_as_unassigned,0.05,,active_target,legacy_unclassified_missing,evidence_informed_benchmark_cell_provenance_unrecovered,not_assigned,legacy_prevalence_note__chlamydia_trachomatis,review_ct_unassigned_v2,true,false,,legacy_prevalence_target_missing,"Unsupported positive legacy reference withdrawn: only generic WHO GLASS/GRAM note, without compatible recovered species-drug provenance. Absence of evidence is not proof of zero resistance.",kang_korea_2016_2019
resistance_targets_v1,resistance_targets_v2,resistance_prevalence_any_r_positive,Chlamydia trachomatis,minocycline,withdrawal_as_unassigned,0.05,,active_target,legacy_unclassified_missing,evidence_informed_benchmark_cell_provenance_unrecovered,not_assigned,legacy_prevalence_note__chlamydia_trachomatis,review_ct_unassigned_v2,true,false,,legacy_prevalence_target_missing,"Unsupported positive legacy reference withdrawn: only generic WHO GLASS/GRAM note, without compatible recovered species-drug provenance. Absence of evidence is not proof of zero resistance.",kang_korea_2016_2019
resistance_targets_v1,resistance_targets_v2,resistance_prevalence_any_r_positive,Chlamydia trachomatis,tigecycline,withdrawal_as_unassigned,0.05,,active_target,legacy_unclassified_missing,evidence_informed_benchmark_cell_provenance_unrecovered,not_assigned,legacy_prevalence_note__chlamydia_trachomatis,review_ct_unassigned_v2,true,false,,legacy_prevalence_target_missing,"Unsupported positive legacy reference withdrawn: only generic WHO GLASS/GRAM note, without compatible recovered species-drug provenance. Absence of evidence is not proof of zero resistance.",kang_korea_2016_2019
resistance_targets_v1,resistance_targets_v2,resistance_prevalence_any_r_positive,Chlamydia trachomatis,chloramphenicol,withdrawal_as_unassigned,0.1,,active_target,legacy_unclassified_missing,evidence_informed_benchmark_cell_provenance_unrecovered,not_assigned,legacy_prevalence_note__chlamydia_trachomatis,review_ct_unassigned_v2,true,false,,legacy_prevalence_target_missing,"Unsupported positive legacy reference withdrawn: only generic WHO GLASS/GRAM note, without compatible recovered species-drug provenance. Absence of evidence is not proof of zero resistance.",kang_korea_2016_2019
resistance_targets_v1,resistance_targets_v2,resistance_prevalence_any_r_positive,Treponema pallidum,tetracycline,numeric_revision_and_structural_prior,0.08,0.0,active_target,active_target,evidence_informed_benchmark_cell_provenance_unrecovered,structural_prior,legacy_prevalence_note__treponema_pallidum,review_tp_tetracycline_near_zero_v2,true,true,,,"Pragmatic near-zero structural prior centred at 0.0, not a measured global prevalence; uncertainty remains unassigned. Doxycycline/tetracycline literature provides the supporting context.",saunders_bashh_2025;long_eid_2026
resistance_targets_v1,resistance_targets_v2,resistance_prevalence_any_r_positive,Treponema pallidum,doxycycline,numeric_revision_and_structural_prior,0.06,0.0,active_target,active_target,evidence_informed_benchmark_cell_provenance_unrecovered,structural_prior,legacy_prevalence_note__treponema_pallidum,review_tp_tetracycline_near_zero_v2,true,true,,,"Pragmatic near-zero structural prior centred at 0.0, not a measured global prevalence; uncertainty remains unassigned. Doxycycline/tetracycline literature provides the supporting context.",saunders_bashh_2025;long_eid_2026
resistance_targets_v1,resistance_targets_v2,resistance_prevalence_any_r_positive,Treponema pallidum,minocycline,numeric_revision_and_structural_prior,0.05,0.0,active_target,active_target,evidence_informed_benchmark_cell_provenance_unrecovered,structural_prior,legacy_prevalence_note__treponema_pallidum,review_tp_tetracycline_near_zero_v2,true,true,,,"Pragmatic near-zero structural prior centred at 0.0, not a measured global prevalence; uncertainty remains unassigned. Class-based prior inferred from doxycycline/tetracycline context, with no independent minocycline surveillance estimate.",saunders_bashh_2025;long_eid_2026
resistance_targets_v1,resistance_targets_v2,resistance_severity_conditional_mean_any_r,Enterococcus faecium,tigecycline,severity_pairing_exclusion_value_preserved,0.78,0.78,inactive_above_model_representable_maximum,inactive_unpaired_legacy_benchmark,expert_informed_placeholder,expert_informed_placeholder,expert_model_scale_any_r_v1,expert_model_scale_any_r_v1,false,false,severity_benchmark_above_model_representable_maximum,legacy_prevalence_target_missing;severity_benchmark_above_model_representable_maximum,Numerical severity retained; paired prevalence was withdrawn as unassigned.,liu_atlas_2019_2023;coombs_aesop_2024;altun_klimik_2010_2023
resistance_targets_v1,resistance_targets_v2,resistance_severity_conditional_mean_any_r,Enterococcus faecium,linezolid,severity_pairing_exclusion_value_preserved,0.62,0.62,active_target,inactive_unpaired_legacy_benchmark,expert_informed_placeholder,expert_informed_placeholder,expert_model_scale_any_r_v1,expert_model_scale_any_r_v1,true,false,,legacy_prevalence_target_missing,Numerical severity retained; paired prevalence was withdrawn as unassigned.,liu_atlas_2019_2023;coombs_aesop_2024;altun_klimik_2010_2023
resistance_targets_v1,resistance_targets_v2,resistance_severity_conditional_mean_any_r,Chlamydia trachomatis,erythromycin,severity_pairing_exclusion_value_preserved,0.62,0.62,active_target,inactive_unpaired_legacy_benchmark,expert_informed_placeholder,expert_informed_placeholder,expert_model_scale_any_r_v1,expert_model_scale_any_r_v1,true,false,,legacy_prevalence_target_missing,Numerical severity retained; paired prevalence was withdrawn as unassigned.,kang_korea_2016_2019
resistance_targets_v1,resistance_targets_v2,resistance_severity_conditional_mean_any_r,Chlamydia trachomatis,azithromycin,severity_pairing_exclusion_value_preserved,0.60,0.60,active_target,inactive_unpaired_legacy_benchmark,expert_informed_placeholder,expert_informed_placeholder,expert_model_scale_any_r_v1,expert_model_scale_any_r_v1,true,false,,legacy_prevalence_target_missing,Numerical severity retained; paired prevalence was withdrawn as unassigned.,kang_korea_2016_2019
resistance_targets_v1,resistance_targets_v2,resistance_severity_conditional_mean_any_r,Chlamydia trachomatis,clarithromycin,severity_pairing_exclusion_value_preserved,0.62,0.62,active_target,inactive_unpaired_legacy_benchmark,expert_informed_placeholder,expert_informed_placeholder,expert_model_scale_any_r_v1,expert_model_scale_any_r_v1,true,false,,legacy_prevalence_target_missing,Numerical severity retained; paired prevalence was withdrawn as unassigned.,kang_korea_2016_2019
resistance_targets_v1,resistance_targets_v2,resistance_severity_conditional_mean_any_r,Chlamydia trachomatis,clindamycin,severity_pairing_exclusion_value_preserved,0.68,0.68,active_target,inactive_unpaired_legacy_benchmark,expert_informed_placeholder,expert_informed_placeholder,expert_model_scale_any_r_v1,expert_model_scale_any_r_v1,true,false,,legacy_prevalence_target_missing,Numerical severity retained; paired prevalence was withdrawn as unassigned.,kang_korea_2016_2019
resistance_targets_v1,resistance_targets_v2,resistance_severity_conditional_mean_any_r,Chlamydia trachomatis,ciprofloxacin,severity_pairing_exclusion_value_preserved,0.62,0.62,active_target,inactive_unpaired_legacy_benchmark,expert_informed_placeholder,expert_informed_placeholder,expert_model_scale_any_r_v1,expert_model_scale_any_r_v1,true,false,,legacy_prevalence_target_missing,Numerical severity retained; paired prevalence was withdrawn as unassigned.,kang_korea_2016_2019
resistance_targets_v1,resistance_targets_v2,resistance_severity_conditional_mean_any_r,Chlamydia trachomatis,levofloxacin,severity_pairing_exclusion_value_preserved,0.60,0.60,active_target,inactive_unpaired_legacy_benchmark,expert_informed_placeholder,expert_informed_placeholder,expert_model_scale_any_r_v1,expert_model_scale_any_r_v1,true,false,,legacy_prevalence_target_missing,Numerical severity retained; paired prevalence was withdrawn as unassigned.,kang_korea_2016_2019
resistance_targets_v1,resistance_targets_v2,resistance_severity_conditional_mean_any_r,Chlamydia trachomatis,moxifloxacin,severity_pairing_exclusion_value_preserved,0.60,0.60,active_target,inactive_unpaired_legacy_benchmark,expert_informed_placeholder,expert_informed_placeholder,expert_model_scale_any_r_v1,expert_model_scale_any_r_v1,true,false,,legacy_prevalence_target_missing,Numerical severity retained; paired prevalence was withdrawn as unassigned.,kang_korea_2016_2019
resistance_targets_v1,resistance_targets_v2,resistance_severity_conditional_mean_any_r,Chlamydia trachomatis,ofloxacin,severity_pairing_exclusion_value_preserved,0.62,0.62,active_target,inactive_unpaired_legacy_benchmark,expert_informed_placeholder,expert_informed_placeholder,expert_model_scale_any_r_v1,expert_model_scale_any_r_v1,true,false,,legacy_prevalence_target_missing,Numerical severity retained; paired prevalence was withdrawn as unassigned.,kang_korea_2016_2019
resistance_targets_v1,resistance_targets_v2,resistance_severity_conditional_mean_any_r,Chlamydia trachomatis,tetracycline,severity_pairing_exclusion_value_preserved,0.60,0.60,active_target,inactive_unpaired_legacy_benchmark,expert_informed_placeholder,expert_informed_placeholder,expert_model_scale_any_r_v1,expert_model_scale_any_r_v1,true,false,,legacy_prevalence_target_missing,Numerical severity retained; paired prevalence was withdrawn as unassigned.,kang_korea_2016_2019
resistance_targets_v1,resistance_targets_v2,resistance_severity_conditional_mean_any_r,Chlamydia trachomatis,doxycycline,severity_pairing_exclusion_value_preserved,0.60,0.60,active_target,inactive_unpaired_legacy_benchmark,expert_informed_placeholder,expert_informed_placeholder,expert_model_scale_any_r_v1,expert_model_scale_any_r_v1,true,false,,legacy_prevalence_target_missing,Numerical severity retained; paired prevalence was withdrawn as unassigned.,kang_korea_2016_2019
resistance_targets_v1,resistance_targets_v2,resistance_severity_conditional_mean_any_r,Chlamydia trachomatis,minocycline,severity_pairing_exclusion_value_preserved,0.60,0.60,active_target,inactive_unpaired_legacy_benchmark,expert_informed_placeholder,expert_informed_placeholder,expert_model_scale_any_r_v1,expert_model_scale_any_r_v1,true,false,,legacy_prevalence_target_missing,Numerical severity retained; paired prevalence was withdrawn as unassigned.,kang_korea_2016_2019
resistance_targets_v1,resistance_targets_v2,resistance_severity_conditional_mean_any_r,Chlamydia trachomatis,tigecycline,severity_pairing_exclusion_value_preserved,0.60,0.60,inactive_above_model_representable_maximum,inactive_unpaired_legacy_benchmark,expert_informed_placeholder,expert_informed_placeholder,expert_model_scale_any_r_v1,expert_model_scale_any_r_v1,false,false,severity_benchmark_above_model_representable_maximum,legacy_prevalence_target_missing;severity_benchmark_above_model_representable_maximum,Numerical severity retained; paired prevalence was withdrawn as unassigned.,kang_korea_2016_2019
resistance_targets_v1,resistance_targets_v2,resistance_severity_conditional_mean_any_r,Chlamydia trachomatis,chloramphenicol,severity_pairing_exclusion_value_preserved,0.62,0.62,active_target,inactive_unpaired_legacy_benchmark,expert_informed_placeholder,expert_informed_placeholder,expert_model_scale_any_r_v1,expert_model_scale_any_r_v1,true,false,,legacy_prevalence_target_missing,Numerical severity retained; paired prevalence was withdrawn as unassigned.,kang_korea_2016_2019
resistance_targets_v1,resistance_targets_v2,resistance_severity_conditional_mean_any_r,Treponema pallidum,tetracycline,severity_rare_positive_prior_value_preserved,0.62,0.62,active_target,active_target,expert_informed_placeholder,structural_prior,expert_model_scale_any_r_v1,review_tp_rare_positive_severity_v2,true,true,,,Numerical conditional severity and eligibility restrictions preserved; interpretation explicitly rare-positive.,saunders_bashh_2025;long_eid_2026
resistance_targets_v1,resistance_targets_v2,resistance_severity_conditional_mean_any_r,Treponema pallidum,doxycycline,severity_rare_positive_prior_value_preserved,0.60,0.60,active_target,active_target,expert_informed_placeholder,structural_prior,expert_model_scale_any_r_v1,review_tp_rare_positive_severity_v2,true,true,,,Numerical conditional severity and eligibility restrictions preserved; interpretation explicitly rare-positive.,saunders_bashh_2025;long_eid_2026
resistance_targets_v1,resistance_targets_v2,resistance_severity_conditional_mean_any_r,Treponema pallidum,minocycline,severity_rare_positive_prior_value_preserved,0.58,0.58,active_target,active_target,expert_informed_placeholder,structural_prior,expert_model_scale_any_r_v1,review_tp_rare_positive_severity_v2,true,true,,,Numerical conditional severity and eligibility restrictions preserved; interpretation explicitly rare-positive.,saunders_bashh_2025;long_eid_2026
