Bacteria,sulfanilamide,penicilling,ampicillin,amoxicillin,piperacillin,ticarcillin,cephalexin,cefazolin,cefuroxime,ceftriaxone,ceftazidime,cefepime,ceftaroline,meropenem,imipenem_c,ertapenem,aztreonam,erythromycin,azithromycin,clarithromycin,clindamycin,gentamicin,tobramycin,amikacin,ciprofloxacin,levofloxacin,moxifloxacin,ofloxacin,tetracycline,doxycycline,minocycline,vancomycin,teicoplanin,dalbavancin,linezolid,tedizolid,quinu_dalfo,trim_sulf,chlorampheni,nitrofurantoin,retapamulin,fusidic_a,metronidazole,furazolidone,rifampicin,amoxicillin_clavulanate,piperacillin_tazobactam,ampicillin_sulbactam,ticarcillin_clavulanate,ceftazidime_avibactam,meropenem_vaborbactam,colistin,notes
Acinetobacter baumannii,.,.,.,.,0.7,0.65,.,.,.,.,0.65,0.55,.,0.55,0.5,.,.,.,.,.,.,0.55,0.5,0.35,0.7,0.68,0.65,0.7,0.6,0.55,0.5,.,.,.,.,.,.,0.65,0.6,.,.,.,.,.,0.55,.,0.45,.,0.5,0.25,0.18,0.12,Carbapenem resistance (CRAB) >50% globally (WHO priority); colistin resistance rising (GLASS 2022).
Citrobacter spp.,0.1,.,0.3,0.3,0.3,0.3,0.35,0.35,0.3,0.25,0.35,0.3,0.4,0.1,0.1,0.15,0.3,.,.,.,.,0.3,0.35,0.25,0.35,0.3,0.35,0.35,0.25,0.2,0.15,.,.,.,.,.,.,0.3,0.25,0.15,.,.,.,.,0.2,0.25,0.2,0.3,0.3,0.1,0.1,0.2,Proportions estimated from WHO GLASS 2022 and Lancet GRAM 2022 global medians.
Enterobacter spp.,0.1,.,0.4,0.4,0.3,0.35,0.4,0.4,0.35,0.5,0.35,0.3,0.5,0.15,0.15,0.2,0.35,.,.,.,.,0.3,0.35,0.25,0.35,0.3,0.35,0.35,0.25,0.2,0.15,.,.,.,.,.,.,0.35,0.3,0.25,.,.,.,.,0.25,0.3,0.25,0.4,0.35,0.1,0.1,0.2,Proportions estimated from WHO GLASS 2022 and Lancet GRAM 2022 global medians.
Enterococcus faecalis,.,0.1,0.1,0.1,0.2,0.2,.,.,.,.,.,.,.,0.2,0.2,.,.,0.4,0.35,0.4,0.45,.,.,.,0.35,0.3,0.35,0.35,0.2,0.15,0.1,0.05,0.1,0.1,0.05,0.05,.,0.3,0.25,0.1,.,.,.,.,.,0.1,0.2,0.1,0.2,.,0.2,.,Proportions estimated from WHO GLASS 2022 and Lancet GRAM 2022 global medians.
Enterococcus faecium,.,.,.,.,.,.,.,.,.,.,.,.,.,.,.,.,.,0.6,0.55,0.6,0.65,.,.,.,0.7,0.65,0.7,0.7,0.5,0.45,0.4,0.4,0.45,0.45,0.1,0.1,0.5,0.7,0.65,0.6,.,.,.,.,.,.,.,.,.,.,.,.,Proportions estimated from WHO GLASS 2022 and Lancet GRAM 2022 global medians.
Escherichia coli,0.35,.,0.58,0.58,0.25,0.28,0.45,0.45,0.35,0.18,0.2,0.15,0.12,0.03,0.03,0.04,0.18,.,.,.,.,0.12,0.15,0.05,0.32,0.3,0.28,0.32,0.45,0.4,0.35,.,.,.,.,.,.,0.42,0.12,0.08,.,.,.,.,0.18,0.12,0.08,0.2,0.22,0.02,0.02,0.01,3rd-gen cephalosporin resistance (ESBL) ~15-25%; carbapenem resistance remains low (<3%) globally (Lancet GRAM 2022).
Klebsiella pneumoniae,0.4,.,0.75,0.75,0.35,0.4,0.7,0.7,0.55,0.35,0.32,0.28,0.25,0.12,0.12,0.15,0.32,.,.,.,.,0.18,0.22,0.08,0.38,0.35,0.35,0.38,0.35,0.3,0.25,.,.,.,.,.,.,0.55,0.18,0.3,.,.,.,.,0.25,0.18,0.15,0.45,0.38,0.08,0.05,0.08,Carbapenem-resistant (CRKP) ~10-15%; high ESBL prevalence in clinical isolates.
Morganella spp.,0.2,.,0.4,0.4,0.35,0.4,0.4,0.4,0.35,0.35,0.4,0.35,0.5,0.1,0.1,0.15,0.3,.,.,.,.,0.3,0.35,0.25,0.35,0.3,0.35,0.35,0.25,0.2,0.15,.,.,.,.,.,.,0.35,0.3,0.25,.,.,.,.,0.25,0.3,0.25,0.4,0.35,0.1,0.1,0.2,Proportions estimated from WHO GLASS 2022 and Lancet GRAM 2022 global medians.
Proteus spp.,0.2,.,0.3,0.3,0.25,0.3,0.3,0.3,0.25,0.2,0.25,0.2,0.3,0.1,0.1,0.1,0.25,.,.,.,.,0.3,0.35,0.25,0.3,0.25,0.3,0.3,0.2,0.15,0.1,.,.,.,.,.,.,0.3,0.25,0.1,.,.,.,.,0.2,0.2,0.15,0.25,0.25,0.1,0.1,0.2,Proportions estimated from WHO GLASS 2022 and Lancet GRAM 2022 global medians.
Serratia spp.,0.2,.,.,.,0.4,0.45,.,.,0.4,0.35,0.3,0.35,0.5,0.1,0.1,0.15,0.3,.,.,.,.,0.35,0.4,0.3,0.3,0.25,0.3,0.3,0.2,0.15,0.1,.,.,.,.,.,.,0.35,0.3,0.2,.,.,.,.,0.25,0.35,0.25,0.4,0.35,0.1,0.1,0.2,Proportions estimated from WHO GLASS 2022 and Lancet GRAM 2022 global medians.
Pseudomonas aeruginosa,.,.,.,.,0.25,0.3,.,.,.,.,0.22,0.18,.,0.25,0.28,.,0.22,.,.,.,.,0.18,0.15,0.08,0.28,0.25,0.25,0.28,.,.,.,.,.,.,.,.,.,.,.,.,.,.,.,.,.,.,0.15,.,0.22,0.1,0.06,0.03,Multidrug resistance high; carbapenem resistance ~25% (Lancet GRAM 2022).
Stenotrophomonas maltophilia,.,0.95,0.95,0.95,0.95,0.95,0.95,0.95,0.95,0.9,0.65,0.85,0.85,0.98,0.98,0.98,0.9,0.95,0.95,0.95,0.95,0.85,0.8,0.75,0.55,0.45,0.4,0.5,0.6,0.4,0.25,.,.,.,.,.,.,0.15,0.5,0.9,.,.,.,.,.,0.95,0.9,0.9,0.95,0.75,0.95,0.7,"Intrinsic L1/L2 beta-lactamases; TMP-SMX/minocycline remain preferred (placeholder global targets)."
Staphylococcus aureus,.,.,.,.,0.6,0.6,0.4,0.35,0.45,0.45,.,0.4,0.2,0.4,0.4,0.4,.,0.4,0.35,0.4,0.45,0.4,0.4,0.4,0.4,0.4,0.35,0.4,0.3,0.25,0.2,0.05,0.1,0.1,0.05,0.05,0.1,0.35,0.3,.,0.15,0.2,.,.,0.4,0.4,0.35,0.4,0.35,.,0.4,.,MRSA prevalence variable (~25-40%); vancomycin resistance (VRSA) remains extremely rare (<0.1%) (WHO GLASS).
Streptococcus pneumoniae,.,0.3,0.3,0.3,0.25,0.25,0.3,0.25,0.2,0.1,0.3,0.25,0.1,0.05,0.05,0.05,0.1,0.4,0.35,0.4,0.45,.,.,.,0.15,0.1,0.1,0.15,0.2,0.15,0.1,0.05,0.05,0.05,0.05,0.05,0.1,0.35,0.25,.,.,.,.,.,0.2,0.25,0.2,0.3,0.25,0.05,0.05,.,Penicillin and macrolide resistance varies by vaccine serotype prevalence.
Salmonella enterica serovar typhi,0.1,.,0.5,0.5,0.3,0.3,0.4,0.4,0.35,0.15,0.2,0.25,0.3,0.1,0.1,0.1,0.25,.,.,.,.,0.3,0.35,0.25,0.35,0.3,0.35,0.35,0.25,0.2,0.15,.,.,.,.,.,.,0.4,0.35,.,.,.,.,.,0.25,0.2,0.15,0.25,0.3,0.1,0.1,0.2,MDR and XDR clones (resistance to ciprofloxacin/ceftriaxone) widespread in South Asia.
Salmonella enterica serovar paratyphi a,0.1,.,0.5,0.5,0.3,0.3,0.4,0.4,0.35,0.15,0.2,0.25,0.3,0.1,0.1,0.1,0.25,.,.,.,.,0.3,0.35,0.25,0.35,0.3,0.35,0.35,0.25,0.2,0.15,.,.,.,.,.,.,0.4,0.35,.,.,.,.,.,0.25,0.2,0.15,0.25,0.3,0.1,0.1,0.2,Proportions estimated from WHO GLASS 2022 and Lancet GRAM 2022 global medians.
Invasive non-typhoidal Salmonella spp.,0.1,.,0.55,0.55,0.3,0.35,0.4,0.4,0.35,0.2,0.25,0.3,0.35,0.1,0.1,0.1,0.25,.,.,.,.,0.3,0.35,0.25,0.4,0.35,0.4,0.4,0.25,0.2,0.15,.,.,.,.,.,.,0.4,0.35,.,.,.,.,.,0.25,0.2,0.15,0.25,0.3,0.1,0.1,0.2,Proportions estimated from WHO GLASS 2022 and Lancet GRAM 2022 global medians.
Shigella spp.,0.2,.,0.6,0.6,0.4,0.4,0.45,0.45,0.4,0.3,0.35,0.3,0.4,0.15,0.15,0.15,0.35,0.3,0.25,0.35,0.4,0.3,0.3,0.25,0.6,0.55,0.6,0.6,0.35,0.3,0.25,.,.,.,.,.,.,0.4,0.35,.,.,.,.,.,0.3,0.3,0.25,0.4,0.4,0.1,0.1,0.2,Proportions estimated from WHO GLASS 2022 and Lancet GRAM 2022 global medians.
Neisseria gonorrhoeae,.,0.4,0.45,0.45,0.5,0.5,0.55,0.55,0.5,0.2,0.25,0.2,0.3,0.3,0.3,0.3,0.25,0.4,0.35,0.4,.,0.5,0.5,0.5,0.8,0.8,0.8,0.8,0.7,0.65,0.6,.,.,.,.,.,.,0.7,0.6,.,.,.,.,.,0.4,0.4,0.45,0.45,0.5,0.3,0.3,.,Emergence of 'super-gonorrhea' with ceftriaxone and azithromycin resistance (WHO 2024 monitoring).
Streptococcus pyogenes,.,0.001,0.001,0.001,0.001,0.001,0.001,0.001,0.001,0.001,0.001,0.001,0.001,0.001,0.001,0.001,0.001,0.15,0.12,0.15,0.2,.,.,.,0.02,0.02,0.02,0.02,0.15,0.12,0.1,0.001,0.001,0.001,0.001,0.001,0.02,0.15,0.08,.,.,.,.,.,0.001,0.001,0.001,0.001,0.001,0.001,0.001,.,Proportions estimated from WHO GLASS 2022 and Lancet GRAM 2022 global medians.
Streptococcus agalactiae,.,0.001,0.001,0.001,0.001,0.001,0.001,0.001,0.001,0.001,0.001,0.001,0.001,0.001,0.001,0.001,0.001,0.25,0.2,0.25,0.32,.,.,.,0.02,0.02,0.02,0.02,0.35,0.3,0.25,0.001,0.001,0.001,0.001,0.001,0.02,0.12,0.05,.,.,.,.,.,0.001,0.001,0.001,0.001,0.001,0.001,0.001,.,Proportions estimated from WHO GLASS 2022 and Lancet GRAM 2022 global medians.
Haemophilus influenzae,.,0.4,0.4,0.35,0.25,0.3,0.4,0.4,0.35,0.1,0.15,0.15,0.2,0.05,0.05,0.05,0.15,0.3,0.25,0.3,.,0.25,0.2,0.15,0.15,0.1,0.1,0.15,0.2,0.15,0.1,.,.,.,.,.,.,0.2,0.15,.,.,.,.,.,0.15,0.05,0.2,0.1,0.05,0.05,0.05,.,Proportions estimated from WHO GLASS 2022 and Lancet GRAM 2022 global medians.
Chlamydia trachomatis,.,.,.,.,.,.,.,.,.,.,.,.,.,.,.,.,.,0.1,0.05,0.1,0.2,.,.,.,0.1,0.05,0.05,0.1,0.05,0.05,0.05,.,.,.,.,.,.,.,0.1,.,.,.,.,.,.,.,.,.,.,.,.,.,Proportions estimated from WHO GLASS 2022 and Lancet GRAM 2022 global medians.
Vibrio cholerae,0.1,0.1,0.2,0.2,0.15,0.15,0.2,0.2,0.15,0.1,0.1,0.1,0.15,0.05,0.05,0.05,0.1,0.2,0.15,0.2,.,0.15,0.1,0.05,0.15,0.1,0.1,0.15,0.05,0.05,0.05,.,.,.,.,.,.,0.1,0.1,.,.,.,.,.,0.1,0.1,0.05,0.2,0.15,0.05,0.05,0.1,Proportions estimated from WHO GLASS 2022 and Lancet GRAM 2022 global medians.
Neisseria meningitidis,.,0.18,0.18,0.18,0.15,0.15,0.12,0.12,0.1,0.02,0.02,0.02,0.05,0.001,0.001,0.001,0.02,0.08,0.06,0.08,.,0.05,0.05,0.03,0.05,0.03,0.03,0.05,0.08,0.06,0.05,.,.,.,.,.,.,0.1,0.08,.,.,.,.,.,0.15,0.12,0.12,0.12,0.12,0.001,0.001,.,Proportions estimated from WHO GLASS 2022 and Lancet GRAM 2022 global medians.
Listeria monocytogenes,.,0.1,0.05,0.05,0.1,0.15,.,.,.,.,.,.,.,0.1,0.1,0.1,.,0.15,0.1,0.15,.,.,.,.,0.1,0.05,0.05,0.1,0.15,0.1,0.05,.,.,.,.,.,.,0.05,0.1,.,.,.,.,.,0.1,0.05,0.05,0.15,0.1,0.1,0.1,.,Proportions estimated from WHO GLASS 2022 and Lancet GRAM 2022 global medians.
Clostridioides difficile,.,.,.,.,.,.,.,.,.,.,.,.,.,.,.,.,.,0.1,0.1,0.1,0.05,.,.,.,.,.,.,.,0.1,0.1,0.1,0.05,0.1,0.1,0.1,0.1,.,.,.,.,.,.,0.05,.,.,.,.,.,.,.,.,.,Proportions estimated from WHO GLASS 2022 and Lancet GRAM 2022 global medians.
Campylobacter jejuni,.,.,.,.,.,.,.,.,.,.,.,.,.,.,.,.,.,0.08,0.05,0.08,0.12,0.15,0.12,0.08,0.55,0.5,0.5,0.55,0.45,0.4,0.35,.,.,.,.,.,.,.,0.15,.,.,.,.,.,.,.,.,.,.,.,.,.,High fluoroquinolone resistance (up to 50%+) globally due to agricultural use.
Enterobacter cloacae,0.2,.,0.6,0.6,0.35,0.4,0.6,0.6,0.5,0.7,0.4,0.35,0.7,0.15,0.15,0.2,0.4,.,.,.,.,0.3,0.35,0.25,0.35,0.3,0.35,0.35,0.25,0.2,0.15,.,.,.,.,.,.,0.35,0.3,0.25,.,.,.,.,0.25,0.3,0.25,0.6,0.4,0.15,0.1,0.2,Proportions estimated from WHO GLASS 2022 and Lancet GRAM 2022 global medians.
Yersinia enterocolitica,0.2,.,0.3,0.3,0.25,0.3,0.35,0.35,0.3,0.1,0.15,0.1,0.2,0.05,0.05,0.05,0.15,.,.,.,.,0.15,0.1,0.05,0.1,0.05,0.05,0.1,0.1,0.05,0.05,.,.,.,.,.,.,0.05,0.1,.,.,.,.,.,0.1,0.05,0.05,0.15,0.1,0.05,0.05,0.1,Proportions estimated from WHO GLASS 2022 and Lancet GRAM 2022 global medians.
Moraxella catarrhalis,.,0.25,0.25,0.25,0.1,0.15,0.2,0.15,0.1,0.05,0.05,0.05,0.1,0.05,0.05,0.05,0.05,0.2,0.15,0.2,.,.,.,.,0.05,0.05,0.05,0.05,0.1,0.1,0.1,.,.,.,.,.,.,0.1,0.05,.,.,.,.,.,0.1,0.05,0.05,0.2,0.1,0.05,0.05,.,Proportions estimated from WHO GLASS 2022 and Lancet GRAM 2022 global medians.
Treponema pallidum,.,0.001,0.001,0.001,0.001,0.001,0.001,0.001,0.001,0.001,0.001,0.001,0.001,0.001,0.001,0.001,0.001,0.18,0.22,0.18,.,.,.,.,0.02,0.02,0.02,0.02,0.08,0.06,0.05,.,.,.,.,.,.,.,0.05,.,.,.,.,.,.,0.001,0.001,0.001,0.001,0.001,0.001,.,Proportions estimated from WHO GLASS 2022 and Lancet GRAM 2022 global medians.
Bordetella pertussis,.,.,.,.,.,.,.,.,.,.,.,.,.,.,.,.,.,0.1,0.05,0.1,.,0.2,0.2,0.2,0.15,0.1,0.1,0.15,0.15,0.1,0.05,.,.,.,.,.,.,0.2,0.15,.,.,.,.,.,0.1,.,.,.,.,.,.,.,Proportions estimated from WHO GLASS 2022 and Lancet GRAM 2022 global medians.
Helicobacter pylori,.,.,0.4,0.35,.,.,.,.,.,.,.,.,.,.,.,.,.,0.5,0.45,0.5,.,.,.,.,0.3,0.25,0.3,0.3,0.2,0.15,0.1,.,.,.,.,.,.,.,0.2,.,.,.,0.5,.,.,0.35,.,0.4,.,.,.,.,Proportions estimated from WHO GLASS 2022 and Lancet GRAM 2022 global medians.
mdr Mycobacterium tuberculosis,.,.,.,.,.,.,.,.,.,.,.,.,.,.,.,.,.,.,.,.,.,.,.,.,0.5,0.5,0.5,0.5,.,.,.,.,.,.,.,.,.,.,.,.,.,.,.,.,0.7,.,.,.,.,.,.,.,Defined by resistance to at least isoniazid and rifampicin; estimates from WHO Global TB Report 2024.
