parameter,region,initial_age_min_days,initial_age_max_days,configured_weight,baseline_effective_weight,fitted_weight,fitted_sampling_probability,fitted_to_configured_ratio,unobserved_in_calibration_window
demo_asia_age_neg40000_neg36000,asia,-40000,-36000,0.108,0.108,0.10355036943829263,0.07791600409201854,0.958799717021228,True
demo_asia_age_neg36000_neg32000,asia,-36000,-32000,0.099,0.099,0.06813718336101628,0.051269513439440396,0.6882543773840027,False
demo_asia_age_neg32000_neg28000,asia,-32000,-28000,0.09,0.09,0.07787041832622638,0.05859324178045628,0.8652268702914042,False
demo_asia_age_neg28000_neg24000,asia,-28000,-24000,0.081,0.081,0.0805574897279929,0.0606151164243739,0.9945369102221345,False
demo_asia_age_neg24000_neg20000,asia,-24000,-20000,0.072,0.072,0.07294422374448627,0.054886549092916695,1.0131142186734206,False
demo_asia_age_neg20000_neg16000,asia,-20000,-16000,0.063,0.063,0.06447766515707867,0.04851592562609382,1.0234550024933122,False
demo_asia_age_neg16000_neg12000,asia,-16000,-12000,0.054,0.054,0.057943341933196744,0.04359920386245053,1.0730248506147546,False
demo_asia_age_neg12000_neg8000,asia,-12000,-8000,0.045,0.045,0.048156256373274205,0.03623495588658707,1.0701390305172045,False
demo_asia_age_neg8000_neg4000,asia,-8000,-4000,0.036,0.036,0.03876595171215979,0.029169263891768094,1.0768319920044387,False
demo_asia_age_neg4000_0,asia,-4000,0,0.027,0.0,0.029507292054328994,0.022202627580382994,1.0928626686788516,False
demo_asia_age_0_4000,asia,0,4000,0.022,0.022,0.023655563370733313,0.01779952097120641,1.075252880487878,False
demo_asia_age_4000_8000,asia,4000,8000,0.019,0.019,0.020122883045059034,0.015141371741955633,1.059099107634686,False
demo_asia_age_8000_12000,asia,8000,12000,0.016,0.016,0.016689720284315496,0.012558104051403686,1.0431075177697184,False
demo_asia_age_12000_16000,asia,12000,16000,0.013,0.013,0.013346235751109523,0.010042314334920636,1.0266335193161171,False
demo_asia_age_16000_20000,asia,16000,20000,0.009,0.009,0.009063922175945259,0.006820106979642784,1.0071024639939177,False
demo_asia_age_20000_24000,asia,20000,24000,0.006,0.006,0.00594490962665697,0.004473220185595915,0.990818271109495,False
demo_asia_age_24000_28000,asia,24000,28000,0.003,0.003,0.0029278963470173655,0.0022030822776654374,0.9759654490057885,False
demo_asia_age_28000_32000,asia,28000,32000,0.001,0.001,0.0009664543172842114,0.0007272041514553888,0.9664543172842114,False
demo_africa_age_neg40000_neg36000,africa,-40000,-36000,0.033,0.033,0.03633559233572962,0.027340551042685946,1.1010785556281701,True
demo_africa_age_neg36000_neg32000,africa,-36000,-32000,0.03,0.03,0.04595183652050242,0.03457625020353832,1.5317278840167474,False
demo_africa_age_neg32000_neg28000,africa,-32000,-28000,0.028,0.028,0.04065468578748213,0.030590433248669783,1.4519530638386475,False
demo_africa_age_neg28000_neg24000,africa,-28000,-24000,0.025,0.025,0.02714727389845312,0.020426842662492947,1.0858909559381247,False
demo_africa_age_neg24000_neg20000,africa,-24000,-20000,0.023,0.023,0.023414618484955383,0.017618223088754995,1.018026890650234,False
demo_africa_age_neg20000_neg16000,africa,-20000,-16000,0.02,0.02,0.01896377418740105,0.014269205558616292,0.9481887093700524,False
demo_africa_age_neg16000_neg12000,africa,-16000,-12000,0.018,0.018,0.011933725543570053,0.008979477459420659,0.6629847524205585,False
demo_africa_age_neg12000_neg8000,africa,-12000,-8000,0.015,0.015,0.009714924914472619,0.007309951026691212,0.6476616609648412,False
demo_africa_age_neg8000_neg4000,africa,-8000,-4000,0.013,0.013,0.007313044261875836,0.005502666863713948,0.5625418662981412,False
demo_africa_age_neg4000_0,africa,-4000,0,0.01,0.0,0.004366239353407438,0.0032853569250620306,0.4366239353407438,False
demo_africa_age_0_4000,africa,0,4000,0.009,0.009,0.0043510063460886605,0.0032738949180501587,0.48344514956540674,False
demo_africa_age_4000_8000,africa,4000,8000,0.007,0.007,0.004250643755699277,0.003198377543791781,0.6072348222427538,False
demo_africa_age_8000_12000,africa,8000,12000,0.005,0.005,0.003685200165021575,0.002772912088052352,0.737040033004315,False
demo_africa_age_12000_16000,africa,12000,16000,0.004,0.004,0.003303880571283182,0.0024859898956231625,0.8259701428207955,False
demo_africa_age_16000_20000,africa,16000,20000,0.002,0.002,0.0018933792162938892,0.0014246645720796761,0.9466896081469446,False
demo_africa_age_20000_24000,africa,20000,24000,0.001,0.001,0.0010159647492717701,0.0007644580506183373,1.01596474927177,False
demo_africa_age_24000_28000,africa,24000,28000,0.001,0.001,0.001027840491408564,0.0007733938987272868,1.027840491408564,False
demo_africa_age_28000_32000,africa,28000,32000,0.001,0.001,0.0010298197862610157,0.0007748832101286801,1.0298197862610157,False
demo_europe_age_neg40000_neg36000,europe,-40000,-36000,0.02,0.02,0.016101381831789018,0.01211541146109031,0.8050690915894508,True
demo_europe_age_neg36000_neg32000,europe,-36000,-32000,0.018,0.018,0.0077087897430696386,0.005800443749488066,0.4282660968372022,False
demo_europe_age_neg32000_neg28000,europe,-32000,-28000,0.016,0.016,0.00927718394847949,0.006980574829555675,0.5798239967799682,False
demo_europe_age_neg28000_neg24000,europe,-28000,-24000,0.015,0.015,0.011091499375336628,0.008345748213195357,0.7394332916891085,False
demo_europe_age_neg24000_neg20000,europe,-24000,-20000,0.014,0.014,0.010842355280038057,0.008158280872865357,0.7744539485741468,False
demo_europe_age_neg20000_neg16000,europe,-20000,-16000,0.013,0.013,0.010605031503873503,0.007979707677858168,0.8157716541441157,False
demo_europe_age_neg16000_neg12000,europe,-16000,-12000,0.012,0.012,0.01161623646003112,0.008740584243815743,0.9680197050025933,False
demo_europe_age_neg12000_neg8000,europe,-12000,-8000,0.011,0.011,0.0113186754377876,0.008516685807214147,1.0289704943443274,False
demo_europe_age_neg8000_neg4000,europe,-8000,-4000,0.01,0.01,0.012731312109184415,0.009579617839867884,1.2731312109184414,False
demo_europe_age_neg4000_0,europe,-4000,0,0.009,0.0,0.01522797944024864,0.011458223807561056,1.6919977155831825,False
demo_europe_age_0_4000,europe,0,4000,0.008,0.008,0.013377028598981554,0.01006548427312382,1.6721285748726942,False
demo_europe_age_4000_8000,europe,4000,8000,0.007,0.007,0.011038904098220401,0.008306173136358468,1.5769862997457715,False
demo_europe_age_8000_12000,europe,8000,12000,0.006,0.006,0.00881364311051348,0.0066317856362027704,1.4689405184189133,False
demo_europe_age_12000_16000,europe,12000,16000,0.005,0.005,0.006793735106048167,0.005111915053459871,1.3587470212096333,False
demo_europe_age_16000_20000,europe,16000,20000,0.004,0.004,0.0049942832805796806,0.003757925719021581,1.2485708201449202,False
demo_europe_age_20000_24000,europe,20000,24000,0.003,0.003,0.003421937986306781,0.002574821660125494,1.1406459954355936,False
demo_europe_age_24000_28000,europe,24000,28000,0.002,0.002,0.0020924245402677033,0.0015744353199907476,1.0462122701338517,False
demo_europe_age_28000_32000,europe,28000,32000,0.002,0.002,0.002060946575258205,0.0015507498685163321,1.0304732876291025,False
demo_north_america_age_neg40000_neg36000,north_america,-40000,-36000,0.012,0.012,0.009660829099073412,0.007269246876654186,0.805069091589451,True
demo_north_america_age_neg36000_neg32000,north_america,-36000,-32000,0.011,0.011,0.00489215250174076,0.0036810778794136656,0.44474113652188735,False
demo_north_america_age_neg32000_neg28000,north_america,-32000,-28000,0.01,0.01,0.005602725378263407,0.004215745205615807,0.5602725378263407,False
demo_north_america_age_neg28000_neg24000,north_america,-28000,-24000,0.009,0.009,0.006665655195639908,0.005015541907930707,0.740628355071101,False
demo_north_america_age_neg24000_neg20000,north_america,-24000,-20000,0.008,0.008,0.006265568985079729,0.004714498860105139,0.7831961231349661,False
demo_north_america_age_neg20000_neg16000,north_america,-20000,-16000,0.007,0.007,0.005914416241998107,0.004450275577124235,0.8449166059997295,False
demo_north_america_age_neg16000_neg12000,north_america,-16000,-12000,0.006,0.006,0.006441085233862345,0.004846565262499884,1.0735142056437241,False
demo_north_america_age_neg12000_neg8000,north_america,-12000,-8000,0.005,0.005,0.005668038528447723,0.004264889788147272,1.1336077056895446,False
demo_north_america_age_neg8000_neg4000,north_america,-8000,-4000,0.004,0.004,0.005714582037013233,0.004299911239287611,1.4286455092533081,False
demo_north_america_age_neg4000_0,north_america,-4000,0,0.003,0.0,0.005619968135614491,0.0042287194398905135,1.873322711871497,False
demo_north_america_age_0_4000,north_america,0,4000,0.003,0.003,0.005825350115159109,0.004383258175439511,1.9417833717197028,False
demo_north_america_age_4000_8000,north_america,4000,8000,0.003,0.003,0.00572360893624326,0.004306703488520136,1.90786964541442,False
demo_north_america_age_8000_12000,north_america,8000,12000,0.002,0.002,0.003271853483461981,0.00246189125918885,1.6359267417309904,False
demo_north_america_age_12000_16000,north_america,12000,16000,0.002,0.002,0.003175853822604359,0.0023896567513953045,1.5879269113021794,False
demo_north_america_age_16000_20000,north_america,16000,20000,0.002,0.002,0.0031437419926813887,0.002365494351152287,1.5718709963406943,False
demo_north_america_age_20000_24000,north_america,20000,24000,0.002,0.002,0.003047071423302715,0.0022927550212962495,1.5235357116513575,False
demo_north_america_age_24000_28000,north_america,24000,28000,0.001,0.001,0.0012495793104526749,0.0009402402636965201,1.249579310452675,False
demo_north_america_age_28000_32000,north_america,28000,32000,0.001,0.001,0.0012039199268150823,0.0009058840683333954,1.2039199268150822,False
demo_south_america_age_neg40000_neg36000,south_america,-40000,-36000,0.01,0.01,0.008050690915894509,0.006057705730545155,0.8050690915894508,True
demo_south_america_age_neg36000_neg32000,south_america,-36000,-32000,0.009,0.009,0.004600111073416595,0.0034613326361298694,0.511123452601844,False
demo_south_america_age_neg32000_neg28000,south_america,-32000,-28000,0.008,0.008,0.005144012865275397,0.00387058906341264,0.6430016081594246,False
demo_south_america_age_neg28000_neg24000,south_america,-28000,-24000,0.007,0.007,0.006133909204075854,0.004615432057242931,0.8762727434394078,False
demo_south_america_age_neg24000_neg20000,south_america,-24000,-20000,0.006,0.006,0.005417497466025652,0.0040763713062646,0.9029162443376088,False
demo_south_america_age_neg20000_neg16000,south_america,-20000,-16000,0.005,0.005,0.00449856049651682,0.003384921366829813,0.899712099303364,False
demo_south_america_age_neg16000_neg12000,south_america,-16000,-12000,0.004,0.004,0.0036547875045953282,0.0027500282201620234,0.913696876148832,False
demo_south_america_age_neg12000_neg8000,south_america,-12000,-8000,0.004,0.004,0.003730001492279868,0.0028066226427989984,0.932500373069967,False
demo_south_america_age_neg8000_neg4000,south_america,-8000,-4000,0.003,0.003,0.0030761874178570027,0.002314663218854028,1.0253958059523343,False
demo_south_america_age_neg4000_0,south_america,-4000,0,0.002,0.0,0.0022963267700583487,0.0017278606245736262,1.1481633850291744,False
demo_south_america_age_0_4000,south_america,0,4000,0.002,0.002,0.00233099004925295,0.0017539428512061328,1.165495024626475,False
demo_south_america_age_4000_8000,south_america,4000,8000,0.002,0.002,0.0022934345953830562,0.0017256844209052344,1.146717297691528,False
demo_south_america_age_8000_12000,south_america,8000,12000,0.001,0.001,0.0010167192347180433,0.0007650257597577452,1.0167192347180434,False
demo_south_america_age_12000_16000,south_america,12000,16000,0.001,0.001,0.0009944150591468118,0.0007482430843843581,0.9944150591468118,False
demo_south_america_age_16000_20000,south_america,16000,20000,0.001,0.001,0.0009905882634902248,0.0007453636294132618,0.9905882634902248,False
demo_south_america_age_20000_24000,south_america,20000,24000,0.001,0.001,0.0009899317473509388,0.0007448696368329113,0.9899317473509388,False
demo_south_america_age_24000_28000,south_america,24000,28000,0.001,0.001,0.0009898191867034234,0.0007447849410860975,0.9898191867034234,False
demo_south_america_age_28000_32000,south_america,28000,32000,0.001,0.001,0.0009898004281690233,0.0007447708263122826,0.9898004281690234,False
demo_oceania_age_neg40000_neg36000,oceania,-40000,-36000,0.004,0.004,0.0032202763663578037,0.002423082292218062,0.805069091589451,True
demo_oceania_age_neg36000_neg32000,oceania,-36000,-32000,0.004,0.004,0.0024843747096357878,0.0018693564406589828,0.6210936774089469,False
demo_oceania_age_neg32000_neg28000,oceania,-32000,-28000,0.003,0.003,0.0025022462454630276,0.001882803796435687,0.8340820818210092,False
demo_oceania_age_neg28000_neg24000,oceania,-28000,-24000,0.003,0.003,0.0023680570064943548,0.0017818337144427051,0.7893523354981182,False
demo_oceania_age_neg24000_neg20000,oceania,-24000,-20000,0.003,0.003,0.0023526208948022264,0.0017702188824696965,0.7842069649340755,False
demo_oceania_age_neg20000_neg16000,oceania,-20000,-16000,0.003,0.003,0.0023941936586617824,0.0018015001193843363,0.7980645528872607,False
demo_oceania_age_neg16000_neg12000,oceania,-16000,-12000,0.002,0.002,0.0017183055843725391,0.0012929312147272683,0.8591527921862695,False
demo_oceania_age_neg12000_neg8000,oceania,-12000,-8000,0.002,0.002,0.0017578275975210027,0.0013226693736049684,0.8789137987605014,False
demo_oceania_age_neg8000_neg4000,oceania,-8000,-4000,0.002,0.002,0.0018467659915946757,0.0013895906633519008,0.9233829957973378,False
demo_oceania_age_neg4000_0,oceania,-4000,0,0.001,0.0,0.0009530910207903649,0.0007171489998422611,0.9530910207903648,False
demo_oceania_age_0_4000,oceania,0,4000,0.002,0.002,0.0020962235769858193,0.0015772938878749585,1.0481117884929096,False
demo_oceania_age_4000_8000,oceania,4000,8000,0.002,0.002,0.002123508255517241,0.0015978241200280223,1.0617541277586204,False
demo_oceania_age_8000_12000,oceania,8000,12000,0.002,0.002,0.0020971761069716803,0.0015780106147266222,1.04858805348584,False
demo_oceania_age_12000_16000,oceania,12000,16000,0.001,0.001,0.0009559488449532802,0.0007192993566239882,0.9559488449532801,False
demo_oceania_age_16000_20000,oceania,16000,20000,0.001,0.001,0.0009400545021105781,0.0007073397307077339,0.9400545021105781,False
demo_oceania_age_20000_24000,oceania,20000,24000,0.001,0.001,0.0009373276059602307,0.0007052878901130405,0.9373276059602307,False
demo_oceania_age_24000_28000,oceania,24000,28000,0.001,0.001,0.0009368601649829081,0.0007049361662775834,0.936860164982908,False
demo_oceania_age_28000_32000,oceania,28000,32000,0.001,0.001,0.0009367822077951943,0.0007048775077465722,0.9367822077951943,False
