bacteria,drug,region,year,mic50,mic90,resistant_threshold,p5,p95,source_quality,notes
escherichia_coli,amoxicillin,north_america,2019,8.0,32.0,8.0,2.4,38.4,eucast_clsi_surveillance,breakpoint_surveillance_2019
escherichia_coli,amoxicillin,europe,2019,8.8,35.2,8.0,2.64,42.24,eucast_clsi_surveillance,breakpoint_surveillance_2019
escherichia_coli,amoxicillin,asia,2019,10.4,41.6,8.0,3.12,49.92,eucast_clsi_surveillance,breakpoint_surveillance_2019
escherichia_coli,amoxicillin,africa,2019,11.2,44.8,8.0,3.36,53.76,eucast_clsi_surveillance,breakpoint_surveillance_2019
escherichia_coli,amoxicillin,south_america,2019,9.6,38.4,8.0,2.88,46.08,eucast_clsi_surveillance,breakpoint_surveillance_2019
escherichia_coli,amoxicillin,oceania,2019,7.6,30.4,8.0,2.28,36.48,eucast_clsi_surveillance,breakpoint_surveillance_2019
escherichia_coli,amoxicillin,north_america,2020,8.4,33.6,8.0,2.52,40.32,eucast_clsi_surveillance,breakpoint_surveillance_2020
escherichia_coli,amoxicillin,europe,2020,9.24,36.96,8.0,2.772,44.352,eucast_clsi_surveillance,breakpoint_surveillance_2020
escherichia_coli,amoxicillin,asia,2020,10.92,43.68,8.0,3.276,52.416,eucast_clsi_surveillance,breakpoint_surveillance_2020
escherichia_coli,amoxicillin,africa,2020,11.76,47.04,8.0,3.528,56.448,eucast_clsi_surveillance,breakpoint_surveillance_2020
escherichia_coli,amoxicillin,south_america,2020,10.08,40.32,8.0,3.024,48.384,eucast_clsi_surveillance,breakpoint_surveillance_2020
escherichia_coli,amoxicillin,oceania,2020,7.98,31.92,8.0,2.394,38.304,eucast_clsi_surveillance,breakpoint_surveillance_2020
escherichia_coli,amoxicillin,north_america,2021,8.8,35.2,8.0,2.64,42.24,eucast_clsi_surveillance,breakpoint_surveillance_2021
escherichia_coli,amoxicillin,europe,2021,9.68,38.72,8.0,2.904,46.464,eucast_clsi_surveillance,breakpoint_surveillance_2021
escherichia_coli,amoxicillin,asia,2021,11.44,45.76,8.0,3.432,54.912,eucast_clsi_surveillance,breakpoint_surveillance_2021
escherichia_coli,amoxicillin,africa,2021,12.32,49.28,8.0,3.696,59.136,eucast_clsi_surveillance,breakpoint_surveillance_2021
escherichia_coli,amoxicillin,south_america,2021,10.56,42.24,8.0,3.168,50.688,eucast_clsi_surveillance,breakpoint_surveillance_2021
escherichia_coli,amoxicillin,oceania,2021,8.36,33.44,8.0,2.508,40.128,eucast_clsi_surveillance,breakpoint_surveillance_2021
escherichia_coli,amoxicillin,north_america,2022,9.2,36.8,8.0,2.76,44.16,eucast_clsi_surveillance,breakpoint_surveillance_2022
escherichia_coli,amoxicillin,europe,2022,10.12,40.48,8.0,3.036,48.576,eucast_clsi_surveillance,breakpoint_surveillance_2022
escherichia_coli,amoxicillin,asia,2022,11.96,47.84,8.0,3.588,57.408,eucast_clsi_surveillance,breakpoint_surveillance_2022
escherichia_coli,amoxicillin,africa,2022,12.88,51.52,8.0,3.864,61.824,eucast_clsi_surveillance,breakpoint_surveillance_2022
escherichia_coli,amoxicillin,south_america,2022,11.04,44.16,8.0,3.312,52.992,eucast_clsi_surveillance,breakpoint_surveillance_2022
escherichia_coli,amoxicillin,oceania,2022,8.74,34.96,8.0,2.622,41.952,eucast_clsi_surveillance,breakpoint_surveillance_2022
escherichia_coli,amoxicillin,north_america,2023,9.6,38.4,8.0,2.88,46.08,eucast_clsi_surveillance,breakpoint_surveillance_2023
escherichia_coli,amoxicillin,europe,2023,10.56,42.24,8.0,3.168,50.688,eucast_clsi_surveillance,breakpoint_surveillance_2023
escherichia_coli,amoxicillin,asia,2023,12.48,49.92,8.0,3.744,59.904,eucast_clsi_surveillance,breakpoint_surveillance_2023
escherichia_coli,amoxicillin,africa,2023,13.44,53.76,8.0,4.032,64.512,eucast_clsi_surveillance,breakpoint_surveillance_2023
escherichia_coli,amoxicillin,south_america,2023,11.52,46.08,8.0,3.456,55.296,eucast_clsi_surveillance,breakpoint_surveillance_2023
escherichia_coli,amoxicillin,oceania,2023,9.12,36.48,8.0,2.736,43.776,eucast_clsi_surveillance,breakpoint_surveillance_2023
escherichia_coli,amoxicillin,north_america,2024,10.0,40.0,8.0,3.0,48.0,eucast_clsi_surveillance,breakpoint_surveillance_2024
escherichia_coli,amoxicillin,europe,2024,11.0,44.0,8.0,3.3,52.8,eucast_clsi_surveillance,breakpoint_surveillance_2024
escherichia_coli,amoxicillin,asia,2024,13.0,52.0,8.0,3.9,62.4,eucast_clsi_surveillance,breakpoint_surveillance_2024
escherichia_coli,amoxicillin,africa,2024,14.0,56.0,8.0,4.2,67.2,eucast_clsi_surveillance,breakpoint_surveillance_2024
escherichia_coli,amoxicillin,south_america,2024,12.0,48.0,8.0,3.6,57.6,eucast_clsi_surveillance,breakpoint_surveillance_2024
escherichia_coli,amoxicillin,oceania,2024,9.5,38.0,8.0,2.85,45.6,eucast_clsi_surveillance,breakpoint_surveillance_2024
escherichia_coli,ciprofloxacin,north_america,2019,0.25,4.0,0.5,0.075,4.8,eucast_clsi_surveillance,breakpoint_surveillance_2019
escherichia_coli,ciprofloxacin,europe,2019,0.275,4.4,0.5,0.083,5.28,eucast_clsi_surveillance,breakpoint_surveillance_2019
escherichia_coli,ciprofloxacin,asia,2019,0.325,5.2,0.5,0.098,6.24,eucast_clsi_surveillance,breakpoint_surveillance_2019
escherichia_coli,ciprofloxacin,africa,2019,0.35,5.6,0.5,0.105,6.72,eucast_clsi_surveillance,breakpoint_surveillance_2019
escherichia_coli,ciprofloxacin,south_america,2019,0.3,4.8,0.5,0.09,5.76,eucast_clsi_surveillance,breakpoint_surveillance_2019
escherichia_coli,ciprofloxacin,oceania,2019,0.237,3.8,0.5,0.071,4.56,eucast_clsi_surveillance,breakpoint_surveillance_2019
escherichia_coli,ciprofloxacin,north_america,2020,0.263,4.2,0.5,0.079,5.04,eucast_clsi_surveillance,breakpoint_surveillance_2020
escherichia_coli,ciprofloxacin,europe,2020,0.289,4.62,0.5,0.087,5.544,eucast_clsi_surveillance,breakpoint_surveillance_2020
escherichia_coli,ciprofloxacin,asia,2020,0.341,5.46,0.5,0.102,6.552,eucast_clsi_surveillance,breakpoint_surveillance_2020
escherichia_coli,ciprofloxacin,africa,2020,0.367,5.88,0.5,0.11,7.056,eucast_clsi_surveillance,breakpoint_surveillance_2020
escherichia_coli,ciprofloxacin,south_america,2020,0.315,5.04,0.5,0.095,6.048,eucast_clsi_surveillance,breakpoint_surveillance_2020
escherichia_coli,ciprofloxacin,oceania,2020,0.249,3.99,0.5,0.075,4.788,eucast_clsi_surveillance,breakpoint_surveillance_2020
escherichia_coli,ciprofloxacin,north_america,2021,0.275,4.4,0.5,0.083,5.28,eucast_clsi_surveillance,breakpoint_surveillance_2021
escherichia_coli,ciprofloxacin,europe,2021,0.303,4.84,0.5,0.091,5.808,eucast_clsi_surveillance,breakpoint_surveillance_2021
escherichia_coli,ciprofloxacin,asia,2021,0.358,5.72,0.5,0.107,6.864,eucast_clsi_surveillance,breakpoint_surveillance_2021
escherichia_coli,ciprofloxacin,africa,2021,0.385,6.16,0.5,0.115,7.392,eucast_clsi_surveillance,breakpoint_surveillance_2021
escherichia_coli,ciprofloxacin,south_america,2021,0.33,5.28,0.5,0.099,6.336,eucast_clsi_surveillance,breakpoint_surveillance_2021
escherichia_coli,ciprofloxacin,oceania,2021,0.261,4.18,0.5,0.078,5.016,eucast_clsi_surveillance,breakpoint_surveillance_2021
escherichia_coli,ciprofloxacin,north_america,2022,0.287,4.6,0.5,0.086,5.52,eucast_clsi_surveillance,breakpoint_surveillance_2022
escherichia_coli,ciprofloxacin,europe,2022,0.316,5.06,0.5,0.095,6.072,eucast_clsi_surveillance,breakpoint_surveillance_2022
escherichia_coli,ciprofloxacin,asia,2022,0.374,5.98,0.5,0.112,7.176,eucast_clsi_surveillance,breakpoint_surveillance_2022
escherichia_coli,ciprofloxacin,africa,2022,0.402,6.44,0.5,0.121,7.728,eucast_clsi_surveillance,breakpoint_surveillance_2022
escherichia_coli,ciprofloxacin,south_america,2022,0.345,5.52,0.5,0.103,6.624,eucast_clsi_surveillance,breakpoint_surveillance_2022
escherichia_coli,ciprofloxacin,oceania,2022,0.273,4.37,0.5,0.082,5.244,eucast_clsi_surveillance,breakpoint_surveillance_2022
escherichia_coli,ciprofloxacin,north_america,2023,0.3,4.8,0.5,0.09,5.76,eucast_clsi_surveillance,breakpoint_surveillance_2023
escherichia_coli,ciprofloxacin,europe,2023,0.33,5.28,0.5,0.099,6.336,eucast_clsi_surveillance,breakpoint_surveillance_2023
escherichia_coli,ciprofloxacin,asia,2023,0.39,6.24,0.5,0.117,7.488,eucast_clsi_surveillance,breakpoint_surveillance_2023
escherichia_coli,ciprofloxacin,africa,2023,0.42,6.72,0.5,0.126,8.064,eucast_clsi_surveillance,breakpoint_surveillance_2023
escherichia_coli,ciprofloxacin,south_america,2023,0.36,5.76,0.5,0.108,6.912,eucast_clsi_surveillance,breakpoint_surveillance_2023
escherichia_coli,ciprofloxacin,oceania,2023,0.285,4.56,0.5,0.085,5.472,eucast_clsi_surveillance,breakpoint_surveillance_2023
escherichia_coli,ciprofloxacin,north_america,2024,0.312,5.0,0.5,0.094,6.0,eucast_clsi_surveillance,breakpoint_surveillance_2024
escherichia_coli,ciprofloxacin,europe,2024,0.344,5.5,0.5,0.103,6.6,eucast_clsi_surveillance,breakpoint_surveillance_2024
escherichia_coli,ciprofloxacin,asia,2024,0.406,6.5,0.5,0.122,7.8,eucast_clsi_surveillance,breakpoint_surveillance_2024
escherichia_coli,ciprofloxacin,africa,2024,0.438,7.0,0.5,0.131,8.4,eucast_clsi_surveillance,breakpoint_surveillance_2024
escherichia_coli,ciprofloxacin,south_america,2024,0.375,6.0,0.5,0.112,7.2,eucast_clsi_surveillance,breakpoint_surveillance_2024
escherichia_coli,ciprofloxacin,oceania,2024,0.297,4.75,0.5,0.089,5.7,eucast_clsi_surveillance,breakpoint_surveillance_2024
escherichia_coli,ceftriaxone,north_america,2019,0.125,2.0,2.0,0.037,2.4,eucast_clsi_surveillance,breakpoint_surveillance_2019
escherichia_coli,ceftriaxone,europe,2019,0.138,2.2,2.0,0.041,2.64,eucast_clsi_surveillance,breakpoint_surveillance_2019
escherichia_coli,ceftriaxone,asia,2019,0.163,2.6,2.0,0.049,3.12,eucast_clsi_surveillance,breakpoint_surveillance_2019
escherichia_coli,ceftriaxone,africa,2019,0.175,2.8,2.0,0.052,3.36,eucast_clsi_surveillance,breakpoint_surveillance_2019
escherichia_coli,ceftriaxone,south_america,2019,0.15,2.4,2.0,0.045,2.88,eucast_clsi_surveillance,breakpoint_surveillance_2019
escherichia_coli,ceftriaxone,oceania,2019,0.119,1.9,2.0,0.036,2.28,eucast_clsi_surveillance,breakpoint_surveillance_2019
escherichia_coli,ceftriaxone,north_america,2020,0.131,2.1,2.0,0.039,2.52,eucast_clsi_surveillance,breakpoint_surveillance_2020
escherichia_coli,ceftriaxone,europe,2020,0.144,2.31,2.0,0.043,2.772,eucast_clsi_surveillance,breakpoint_surveillance_2020
escherichia_coli,ceftriaxone,asia,2020,0.171,2.73,2.0,0.051,3.276,eucast_clsi_surveillance,breakpoint_surveillance_2020
escherichia_coli,ceftriaxone,africa,2020,0.184,2.94,2.0,0.055,3.528,eucast_clsi_surveillance,breakpoint_surveillance_2020
escherichia_coli,ceftriaxone,south_america,2020,0.158,2.52,2.0,0.047,3.024,eucast_clsi_surveillance,breakpoint_surveillance_2020
escherichia_coli,ceftriaxone,oceania,2020,0.125,1.995,2.0,0.037,2.394,eucast_clsi_surveillance,breakpoint_surveillance_2020
escherichia_coli,ceftriaxone,north_america,2021,0.138,2.2,2.0,0.041,2.64,eucast_clsi_surveillance,breakpoint_surveillance_2021
escherichia_coli,ceftriaxone,europe,2021,0.151,2.42,2.0,0.045,2.904,eucast_clsi_surveillance,breakpoint_surveillance_2021
escherichia_coli,ceftriaxone,asia,2021,0.179,2.86,2.0,0.054,3.432,eucast_clsi_surveillance,breakpoint_surveillance_2021
escherichia_coli,ceftriaxone,africa,2021,0.193,3.08,2.0,0.058,3.696,eucast_clsi_surveillance,breakpoint_surveillance_2021
escherichia_coli,ceftriaxone,south_america,2021,0.165,2.64,2.0,0.05,3.168,eucast_clsi_surveillance,breakpoint_surveillance_2021
escherichia_coli,ceftriaxone,oceania,2021,0.131,2.09,2.0,0.039,2.508,eucast_clsi_surveillance,breakpoint_surveillance_2021
escherichia_coli,ceftriaxone,north_america,2022,0.144,2.3,2.0,0.043,2.76,eucast_clsi_surveillance,breakpoint_surveillance_2022
escherichia_coli,ceftriaxone,europe,2022,0.158,2.53,2.0,0.047,3.036,eucast_clsi_surveillance,breakpoint_surveillance_2022
escherichia_coli,ceftriaxone,asia,2022,0.187,2.99,2.0,0.056,3.588,eucast_clsi_surveillance,breakpoint_surveillance_2022
escherichia_coli,ceftriaxone,africa,2022,0.201,3.22,2.0,0.06,3.864,eucast_clsi_surveillance,breakpoint_surveillance_2022
escherichia_coli,ceftriaxone,south_america,2022,0.172,2.76,2.0,0.052,3.312,eucast_clsi_surveillance,breakpoint_surveillance_2022
escherichia_coli,ceftriaxone,oceania,2022,0.137,2.185,2.0,0.041,2.622,eucast_clsi_surveillance,breakpoint_surveillance_2022
escherichia_coli,ceftriaxone,north_america,2023,0.15,2.4,2.0,0.045,2.88,eucast_clsi_surveillance,breakpoint_surveillance_2023
escherichia_coli,ceftriaxone,europe,2023,0.165,2.64,2.0,0.05,3.168,eucast_clsi_surveillance,breakpoint_surveillance_2023
escherichia_coli,ceftriaxone,asia,2023,0.195,3.12,2.0,0.058,3.744,eucast_clsi_surveillance,breakpoint_surveillance_2023
escherichia_coli,ceftriaxone,africa,2023,0.21,3.36,2.0,0.063,4.032,eucast_clsi_surveillance,breakpoint_surveillance_2023
escherichia_coli,ceftriaxone,south_america,2023,0.18,2.88,2.0,0.054,3.456,eucast_clsi_surveillance,breakpoint_surveillance_2023
escherichia_coli,ceftriaxone,oceania,2023,0.142,2.28,2.0,0.043,2.736,eucast_clsi_surveillance,breakpoint_surveillance_2023
escherichia_coli,ceftriaxone,north_america,2024,0.156,2.5,2.0,0.047,3.0,eucast_clsi_surveillance,breakpoint_surveillance_2024
escherichia_coli,ceftriaxone,europe,2024,0.172,2.75,2.0,0.052,3.3,eucast_clsi_surveillance,breakpoint_surveillance_2024
escherichia_coli,ceftriaxone,asia,2024,0.203,3.25,2.0,0.061,3.9,eucast_clsi_surveillance,breakpoint_surveillance_2024
escherichia_coli,ceftriaxone,africa,2024,0.219,3.5,2.0,0.066,4.2,eucast_clsi_surveillance,breakpoint_surveillance_2024
escherichia_coli,ceftriaxone,south_america,2024,0.188,3.0,2.0,0.056,3.6,eucast_clsi_surveillance,breakpoint_surveillance_2024
escherichia_coli,ceftriaxone,oceania,2024,0.148,2.375,2.0,0.045,2.85,eucast_clsi_surveillance,breakpoint_surveillance_2024
escherichia_coli,meropenem,north_america,2019,0.03,0.125,8.0,0.009,0.15,eucast_clsi_surveillance,breakpoint_surveillance_2019
escherichia_coli,meropenem,europe,2019,0.033,0.138,8.0,0.01,0.165,eucast_clsi_surveillance,breakpoint_surveillance_2019
escherichia_coli,meropenem,asia,2019,0.039,0.163,8.0,0.012,0.195,eucast_clsi_surveillance,breakpoint_surveillance_2019
escherichia_coli,meropenem,africa,2019,0.042,0.175,8.0,0.013,0.21,eucast_clsi_surveillance,breakpoint_surveillance_2019
escherichia_coli,meropenem,south_america,2019,0.036,0.15,8.0,0.011,0.18,eucast_clsi_surveillance,breakpoint_surveillance_2019
escherichia_coli,meropenem,oceania,2019,0.028,0.119,8.0,0.009,0.142,eucast_clsi_surveillance,breakpoint_surveillance_2019
escherichia_coli,meropenem,north_america,2020,0.032,0.131,8.0,0.009,0.158,eucast_clsi_surveillance,breakpoint_surveillance_2020
escherichia_coli,meropenem,europe,2020,0.035,0.144,8.0,0.01,0.173,eucast_clsi_surveillance,breakpoint_surveillance_2020
escherichia_coli,meropenem,asia,2020,0.041,0.171,8.0,0.012,0.205,eucast_clsi_surveillance,breakpoint_surveillance_2020
escherichia_coli,meropenem,africa,2020,0.044,0.184,8.0,0.013,0.221,eucast_clsi_surveillance,breakpoint_surveillance_2020
escherichia_coli,meropenem,south_america,2020,0.038,0.158,8.0,0.011,0.189,eucast_clsi_surveillance,breakpoint_surveillance_2020
escherichia_coli,meropenem,oceania,2020,0.03,0.125,8.0,0.009,0.15,eucast_clsi_surveillance,breakpoint_surveillance_2020
escherichia_coli,meropenem,north_america,2021,0.033,0.138,8.0,0.01,0.165,eucast_clsi_surveillance,breakpoint_surveillance_2021
escherichia_coli,meropenem,europe,2021,0.036,0.151,8.0,0.011,0.182,eucast_clsi_surveillance,breakpoint_surveillance_2021
escherichia_coli,meropenem,asia,2021,0.043,0.179,8.0,0.013,0.215,eucast_clsi_surveillance,breakpoint_surveillance_2021
escherichia_coli,meropenem,africa,2021,0.046,0.193,8.0,0.014,0.231,eucast_clsi_surveillance,breakpoint_surveillance_2021
escherichia_coli,meropenem,south_america,2021,0.04,0.165,8.0,0.012,0.198,eucast_clsi_surveillance,breakpoint_surveillance_2021
escherichia_coli,meropenem,oceania,2021,0.031,0.131,8.0,0.009,0.157,eucast_clsi_surveillance,breakpoint_surveillance_2021
escherichia_coli,meropenem,north_america,2022,0.034,0.144,8.0,0.01,0.172,eucast_clsi_surveillance,breakpoint_surveillance_2022
escherichia_coli,meropenem,europe,2022,0.038,0.158,8.0,0.011,0.19,eucast_clsi_surveillance,breakpoint_surveillance_2022
escherichia_coli,meropenem,asia,2022,0.045,0.187,8.0,0.013,0.224,eucast_clsi_surveillance,breakpoint_surveillance_2022
escherichia_coli,meropenem,africa,2022,0.048,0.201,8.0,0.014,0.241,eucast_clsi_surveillance,breakpoint_surveillance_2022
escherichia_coli,meropenem,south_america,2022,0.041,0.172,8.0,0.012,0.207,eucast_clsi_surveillance,breakpoint_surveillance_2022
escherichia_coli,meropenem,oceania,2022,0.033,0.137,8.0,0.01,0.164,eucast_clsi_surveillance,breakpoint_surveillance_2022
escherichia_coli,meropenem,north_america,2023,0.036,0.15,8.0,0.011,0.18,eucast_clsi_surveillance,breakpoint_surveillance_2023
escherichia_coli,meropenem,europe,2023,0.04,0.165,8.0,0.012,0.198,eucast_clsi_surveillance,breakpoint_surveillance_2023
escherichia_coli,meropenem,asia,2023,0.047,0.195,8.0,0.014,0.234,eucast_clsi_surveillance,breakpoint_surveillance_2023
escherichia_coli,meropenem,africa,2023,0.05,0.21,8.0,0.015,0.252,eucast_clsi_surveillance,breakpoint_surveillance_2023
escherichia_coli,meropenem,south_america,2023,0.043,0.18,8.0,0.013,0.216,eucast_clsi_surveillance,breakpoint_surveillance_2023
escherichia_coli,meropenem,oceania,2023,0.034,0.142,8.0,0.01,0.171,eucast_clsi_surveillance,breakpoint_surveillance_2023
escherichia_coli,meropenem,north_america,2024,0.037,0.156,8.0,0.011,0.188,eucast_clsi_surveillance,breakpoint_surveillance_2024
escherichia_coli,meropenem,europe,2024,0.041,0.172,8.0,0.012,0.206,eucast_clsi_surveillance,breakpoint_surveillance_2024
escherichia_coli,meropenem,asia,2024,0.049,0.203,8.0,0.015,0.244,eucast_clsi_surveillance,breakpoint_surveillance_2024
escherichia_coli,meropenem,africa,2024,0.052,0.219,8.0,0.016,0.263,eucast_clsi_surveillance,breakpoint_surveillance_2024
escherichia_coli,meropenem,south_america,2024,0.045,0.188,8.0,0.013,0.225,eucast_clsi_surveillance,breakpoint_surveillance_2024
escherichia_coli,meropenem,oceania,2024,0.036,0.148,8.0,0.011,0.178,eucast_clsi_surveillance,breakpoint_surveillance_2024
klebsiella_pneumoniae,ceftriaxone,north_america,2019,0.25,64.0,2.0,0.075,76.8,eucast_clsi_surveillance,breakpoint_surveillance_2019
klebsiella_pneumoniae,ceftriaxone,europe,2019,0.275,70.4,2.0,0.083,84.48,eucast_clsi_surveillance,breakpoint_surveillance_2019
klebsiella_pneumoniae,ceftriaxone,asia,2019,0.325,83.2,2.0,0.098,99.84,eucast_clsi_surveillance,breakpoint_surveillance_2019
klebsiella_pneumoniae,ceftriaxone,africa,2019,0.35,89.6,2.0,0.105,107.52,eucast_clsi_surveillance,breakpoint_surveillance_2019
klebsiella_pneumoniae,ceftriaxone,south_america,2019,0.3,76.8,2.0,0.09,92.16,eucast_clsi_surveillance,breakpoint_surveillance_2019
klebsiella_pneumoniae,ceftriaxone,oceania,2019,0.237,60.8,2.0,0.071,72.96,eucast_clsi_surveillance,breakpoint_surveillance_2019
klebsiella_pneumoniae,ceftriaxone,north_america,2020,0.263,67.2,2.0,0.079,80.64,eucast_clsi_surveillance,breakpoint_surveillance_2020
klebsiella_pneumoniae,ceftriaxone,europe,2020,0.289,73.92,2.0,0.087,88.704,eucast_clsi_surveillance,breakpoint_surveillance_2020
klebsiella_pneumoniae,ceftriaxone,asia,2020,0.341,87.36,2.0,0.102,104.832,eucast_clsi_surveillance,breakpoint_surveillance_2020
klebsiella_pneumoniae,ceftriaxone,africa,2020,0.367,94.08,2.0,0.11,112.896,eucast_clsi_surveillance,breakpoint_surveillance_2020
klebsiella_pneumoniae,ceftriaxone,south_america,2020,0.315,80.64,2.0,0.095,96.768,eucast_clsi_surveillance,breakpoint_surveillance_2020
klebsiella_pneumoniae,ceftriaxone,oceania,2020,0.249,63.84,2.0,0.075,76.608,eucast_clsi_surveillance,breakpoint_surveillance_2020
klebsiella_pneumoniae,ceftriaxone,north_america,2021,0.275,70.4,2.0,0.083,84.48,eucast_clsi_surveillance,breakpoint_surveillance_2021
klebsiella_pneumoniae,ceftriaxone,europe,2021,0.303,77.44,2.0,0.091,92.928,eucast_clsi_surveillance,breakpoint_surveillance_2021
klebsiella_pneumoniae,ceftriaxone,asia,2021,0.358,91.52,2.0,0.107,109.824,eucast_clsi_surveillance,breakpoint_surveillance_2021
klebsiella_pneumoniae,ceftriaxone,africa,2021,0.385,98.56,2.0,0.115,118.272,eucast_clsi_surveillance,breakpoint_surveillance_2021
klebsiella_pneumoniae,ceftriaxone,south_america,2021,0.33,84.48,2.0,0.099,101.376,eucast_clsi_surveillance,breakpoint_surveillance_2021
klebsiella_pneumoniae,ceftriaxone,oceania,2021,0.261,66.88,2.0,0.078,80.256,eucast_clsi_surveillance,breakpoint_surveillance_2021
klebsiella_pneumoniae,ceftriaxone,north_america,2022,0.287,73.6,2.0,0.086,88.32,eucast_clsi_surveillance,breakpoint_surveillance_2022
klebsiella_pneumoniae,ceftriaxone,europe,2022,0.316,80.96,2.0,0.095,97.152,eucast_clsi_surveillance,breakpoint_surveillance_2022
klebsiella_pneumoniae,ceftriaxone,asia,2022,0.374,95.68,2.0,0.112,114.816,eucast_clsi_surveillance,breakpoint_surveillance_2022
klebsiella_pneumoniae,ceftriaxone,africa,2022,0.402,103.04,2.0,0.121,123.648,eucast_clsi_surveillance,breakpoint_surveillance_2022
klebsiella_pneumoniae,ceftriaxone,south_america,2022,0.345,88.32,2.0,0.103,105.984,eucast_clsi_surveillance,breakpoint_surveillance_2022
klebsiella_pneumoniae,ceftriaxone,oceania,2022,0.273,69.92,2.0,0.082,83.904,eucast_clsi_surveillance,breakpoint_surveillance_2022
klebsiella_pneumoniae,ceftriaxone,north_america,2023,0.3,76.8,2.0,0.09,92.16,eucast_clsi_surveillance,breakpoint_surveillance_2023
klebsiella_pneumoniae,ceftriaxone,europe,2023,0.33,84.48,2.0,0.099,101.376,eucast_clsi_surveillance,breakpoint_surveillance_2023
klebsiella_pneumoniae,ceftriaxone,asia,2023,0.39,99.84,2.0,0.117,119.808,eucast_clsi_surveillance,breakpoint_surveillance_2023
klebsiella_pneumoniae,ceftriaxone,africa,2023,0.42,107.52,2.0,0.126,129.024,eucast_clsi_surveillance,breakpoint_surveillance_2023
klebsiella_pneumoniae,ceftriaxone,south_america,2023,0.36,92.16,2.0,0.108,110.592,eucast_clsi_surveillance,breakpoint_surveillance_2023
klebsiella_pneumoniae,ceftriaxone,oceania,2023,0.285,72.96,2.0,0.085,87.552,eucast_clsi_surveillance,breakpoint_surveillance_2023
klebsiella_pneumoniae,ceftriaxone,north_america,2024,0.312,80.0,2.0,0.094,96.0,eucast_clsi_surveillance,breakpoint_surveillance_2024
klebsiella_pneumoniae,ceftriaxone,europe,2024,0.344,88.0,2.0,0.103,105.6,eucast_clsi_surveillance,breakpoint_surveillance_2024
klebsiella_pneumoniae,ceftriaxone,asia,2024,0.406,104.0,2.0,0.122,124.8,eucast_clsi_surveillance,breakpoint_surveillance_2024
klebsiella_pneumoniae,ceftriaxone,africa,2024,0.438,112.0,2.0,0.131,134.4,eucast_clsi_surveillance,breakpoint_surveillance_2024
klebsiella_pneumoniae,ceftriaxone,south_america,2024,0.375,96.0,2.0,0.112,115.2,eucast_clsi_surveillance,breakpoint_surveillance_2024
klebsiella_pneumoniae,ceftriaxone,oceania,2024,0.297,76.0,2.0,0.089,91.2,eucast_clsi_surveillance,breakpoint_surveillance_2024
klebsiella_pneumoniae,meropenem,north_america,2019,0.06,8.0,8.0,0.018,9.6,eucast_clsi_surveillance,breakpoint_surveillance_2019
klebsiella_pneumoniae,meropenem,europe,2019,0.066,8.8,8.0,0.02,10.56,eucast_clsi_surveillance,breakpoint_surveillance_2019
klebsiella_pneumoniae,meropenem,asia,2019,0.078,10.4,8.0,0.023,12.48,eucast_clsi_surveillance,breakpoint_surveillance_2019
klebsiella_pneumoniae,meropenem,africa,2019,0.084,11.2,8.0,0.025,13.44,eucast_clsi_surveillance,breakpoint_surveillance_2019
klebsiella_pneumoniae,meropenem,south_america,2019,0.072,9.6,8.0,0.022,11.52,eucast_clsi_surveillance,breakpoint_surveillance_2019
klebsiella_pneumoniae,meropenem,oceania,2019,0.057,7.6,8.0,0.017,9.12,eucast_clsi_surveillance,breakpoint_surveillance_2019
klebsiella_pneumoniae,meropenem,north_america,2020,0.063,8.4,8.0,0.019,10.08,eucast_clsi_surveillance,breakpoint_surveillance_2020
klebsiella_pneumoniae,meropenem,europe,2020,0.069,9.24,8.0,0.021,11.088,eucast_clsi_surveillance,breakpoint_surveillance_2020
klebsiella_pneumoniae,meropenem,asia,2020,0.082,10.92,8.0,0.025,13.104,eucast_clsi_surveillance,breakpoint_surveillance_2020
klebsiella_pneumoniae,meropenem,africa,2020,0.088,11.76,8.0,0.026,14.112,eucast_clsi_surveillance,breakpoint_surveillance_2020
klebsiella_pneumoniae,meropenem,south_america,2020,0.076,10.08,8.0,0.023,12.096,eucast_clsi_surveillance,breakpoint_surveillance_2020
klebsiella_pneumoniae,meropenem,oceania,2020,0.06,7.98,8.0,0.018,9.576,eucast_clsi_surveillance,breakpoint_surveillance_2020
klebsiella_pneumoniae,meropenem,north_america,2021,0.066,8.8,8.0,0.02,10.56,eucast_clsi_surveillance,breakpoint_surveillance_2021
klebsiella_pneumoniae,meropenem,europe,2021,0.073,9.68,8.0,0.022,11.616,eucast_clsi_surveillance,breakpoint_surveillance_2021
klebsiella_pneumoniae,meropenem,asia,2021,0.086,11.44,8.0,0.026,13.728,eucast_clsi_surveillance,breakpoint_surveillance_2021
klebsiella_pneumoniae,meropenem,africa,2021,0.092,12.32,8.0,0.028,14.784,eucast_clsi_surveillance,breakpoint_surveillance_2021
klebsiella_pneumoniae,meropenem,south_america,2021,0.079,10.56,8.0,0.024,12.672,eucast_clsi_surveillance,breakpoint_surveillance_2021
klebsiella_pneumoniae,meropenem,oceania,2021,0.063,8.36,8.0,0.019,10.032,eucast_clsi_surveillance,breakpoint_surveillance_2021
klebsiella_pneumoniae,meropenem,north_america,2022,0.069,9.2,8.0,0.021,11.04,eucast_clsi_surveillance,breakpoint_surveillance_2022
klebsiella_pneumoniae,meropenem,europe,2022,0.076,10.12,8.0,0.023,12.144,eucast_clsi_surveillance,breakpoint_surveillance_2022
klebsiella_pneumoniae,meropenem,asia,2022,0.09,11.96,8.0,0.027,14.352,eucast_clsi_surveillance,breakpoint_surveillance_2022
klebsiella_pneumoniae,meropenem,africa,2022,0.097,12.88,8.0,0.029,15.456,eucast_clsi_surveillance,breakpoint_surveillance_2022
klebsiella_pneumoniae,meropenem,south_america,2022,0.083,11.04,8.0,0.025,13.248,eucast_clsi_surveillance,breakpoint_surveillance_2022
klebsiella_pneumoniae,meropenem,oceania,2022,0.066,8.74,8.0,0.02,10.488,eucast_clsi_surveillance,breakpoint_surveillance_2022
klebsiella_pneumoniae,meropenem,north_america,2023,0.072,9.6,8.0,0.022,11.52,eucast_clsi_surveillance,breakpoint_surveillance_2023
klebsiella_pneumoniae,meropenem,europe,2023,0.079,10.56,8.0,0.024,12.672,eucast_clsi_surveillance,breakpoint_surveillance_2023
klebsiella_pneumoniae,meropenem,asia,2023,0.094,12.48,8.0,0.028,14.976,eucast_clsi_surveillance,breakpoint_surveillance_2023
klebsiella_pneumoniae,meropenem,africa,2023,0.101,13.44,8.0,0.03,16.128,eucast_clsi_surveillance,breakpoint_surveillance_2023
klebsiella_pneumoniae,meropenem,south_america,2023,0.086,11.52,8.0,0.026,13.824,eucast_clsi_surveillance,breakpoint_surveillance_2023
klebsiella_pneumoniae,meropenem,oceania,2023,0.068,9.12,8.0,0.021,10.944,eucast_clsi_surveillance,breakpoint_surveillance_2023
klebsiella_pneumoniae,meropenem,north_america,2024,0.075,10.0,8.0,0.022,12.0,eucast_clsi_surveillance,breakpoint_surveillance_2024
klebsiella_pneumoniae,meropenem,europe,2024,0.083,11.0,8.0,0.025,13.2,eucast_clsi_surveillance,breakpoint_surveillance_2024
klebsiella_pneumoniae,meropenem,asia,2024,0.098,13.0,8.0,0.029,15.6,eucast_clsi_surveillance,breakpoint_surveillance_2024
klebsiella_pneumoniae,meropenem,africa,2024,0.105,14.0,8.0,0.031,16.8,eucast_clsi_surveillance,breakpoint_surveillance_2024
klebsiella_pneumoniae,meropenem,south_america,2024,0.09,12.0,8.0,0.027,14.4,eucast_clsi_surveillance,breakpoint_surveillance_2024
klebsiella_pneumoniae,meropenem,oceania,2024,0.071,9.5,8.0,0.021,11.4,eucast_clsi_surveillance,breakpoint_surveillance_2024
klebsiella_pneumoniae,ciprofloxacin,north_america,2019,0.5,16.0,0.5,0.15,19.2,eucast_clsi_surveillance,breakpoint_surveillance_2019
klebsiella_pneumoniae,ciprofloxacin,europe,2019,0.55,17.6,0.5,0.165,21.12,eucast_clsi_surveillance,breakpoint_surveillance_2019
klebsiella_pneumoniae,ciprofloxacin,asia,2019,0.65,20.8,0.5,0.195,24.96,eucast_clsi_surveillance,breakpoint_surveillance_2019
klebsiella_pneumoniae,ciprofloxacin,africa,2019,0.7,22.4,0.5,0.21,26.88,eucast_clsi_surveillance,breakpoint_surveillance_2019
klebsiella_pneumoniae,ciprofloxacin,south_america,2019,0.6,19.2,0.5,0.18,23.04,eucast_clsi_surveillance,breakpoint_surveillance_2019
klebsiella_pneumoniae,ciprofloxacin,oceania,2019,0.475,15.2,0.5,0.142,18.24,eucast_clsi_surveillance,breakpoint_surveillance_2019
klebsiella_pneumoniae,ciprofloxacin,north_america,2020,0.525,16.8,0.5,0.158,20.16,eucast_clsi_surveillance,breakpoint_surveillance_2020
klebsiella_pneumoniae,ciprofloxacin,europe,2020,0.578,18.48,0.5,0.173,22.176,eucast_clsi_surveillance,breakpoint_surveillance_2020
klebsiella_pneumoniae,ciprofloxacin,asia,2020,0.683,21.84,0.5,0.205,26.208,eucast_clsi_surveillance,breakpoint_surveillance_2020
klebsiella_pneumoniae,ciprofloxacin,africa,2020,0.735,23.52,0.5,0.221,28.224,eucast_clsi_surveillance,breakpoint_surveillance_2020
klebsiella_pneumoniae,ciprofloxacin,south_america,2020,0.63,20.16,0.5,0.189,24.192,eucast_clsi_surveillance,breakpoint_surveillance_2020
klebsiella_pneumoniae,ciprofloxacin,oceania,2020,0.499,15.96,0.5,0.15,19.152,eucast_clsi_surveillance,breakpoint_surveillance_2020
klebsiella_pneumoniae,ciprofloxacin,north_america,2021,0.55,17.6,0.5,0.165,21.12,eucast_clsi_surveillance,breakpoint_surveillance_2021
klebsiella_pneumoniae,ciprofloxacin,europe,2021,0.605,19.36,0.5,0.182,23.232,eucast_clsi_surveillance,breakpoint_surveillance_2021
klebsiella_pneumoniae,ciprofloxacin,asia,2021,0.715,22.88,0.5,0.215,27.456,eucast_clsi_surveillance,breakpoint_surveillance_2021
klebsiella_pneumoniae,ciprofloxacin,africa,2021,0.77,24.64,0.5,0.231,29.568,eucast_clsi_surveillance,breakpoint_surveillance_2021
klebsiella_pneumoniae,ciprofloxacin,south_america,2021,0.66,21.12,0.5,0.198,25.344,eucast_clsi_surveillance,breakpoint_surveillance_2021
klebsiella_pneumoniae,ciprofloxacin,oceania,2021,0.522,16.72,0.5,0.157,20.064,eucast_clsi_surveillance,breakpoint_surveillance_2021
klebsiella_pneumoniae,ciprofloxacin,north_america,2022,0.575,18.4,0.5,0.172,22.08,eucast_clsi_surveillance,breakpoint_surveillance_2022
klebsiella_pneumoniae,ciprofloxacin,europe,2022,0.632,20.24,0.5,0.19,24.288,eucast_clsi_surveillance,breakpoint_surveillance_2022
klebsiella_pneumoniae,ciprofloxacin,asia,2022,0.747,23.92,0.5,0.224,28.704,eucast_clsi_surveillance,breakpoint_surveillance_2022
klebsiella_pneumoniae,ciprofloxacin,africa,2022,0.805,25.76,0.5,0.241,30.912,eucast_clsi_surveillance,breakpoint_surveillance_2022
klebsiella_pneumoniae,ciprofloxacin,south_america,2022,0.69,22.08,0.5,0.207,26.496,eucast_clsi_surveillance,breakpoint_surveillance_2022
klebsiella_pneumoniae,ciprofloxacin,oceania,2022,0.546,17.48,0.5,0.164,20.976,eucast_clsi_surveillance,breakpoint_surveillance_2022
klebsiella_pneumoniae,ciprofloxacin,north_america,2023,0.6,19.2,0.5,0.18,23.04,eucast_clsi_surveillance,breakpoint_surveillance_2023
klebsiella_pneumoniae,ciprofloxacin,europe,2023,0.66,21.12,0.5,0.198,25.344,eucast_clsi_surveillance,breakpoint_surveillance_2023
klebsiella_pneumoniae,ciprofloxacin,asia,2023,0.78,24.96,0.5,0.234,29.952,eucast_clsi_surveillance,breakpoint_surveillance_2023
klebsiella_pneumoniae,ciprofloxacin,africa,2023,0.84,26.88,0.5,0.252,32.256,eucast_clsi_surveillance,breakpoint_surveillance_2023
klebsiella_pneumoniae,ciprofloxacin,south_america,2023,0.72,23.04,0.5,0.216,27.648,eucast_clsi_surveillance,breakpoint_surveillance_2023
klebsiella_pneumoniae,ciprofloxacin,oceania,2023,0.57,18.24,0.5,0.171,21.888,eucast_clsi_surveillance,breakpoint_surveillance_2023
klebsiella_pneumoniae,ciprofloxacin,north_america,2024,0.625,20.0,0.5,0.188,24.0,eucast_clsi_surveillance,breakpoint_surveillance_2024
klebsiella_pneumoniae,ciprofloxacin,europe,2024,0.688,22.0,0.5,0.206,26.4,eucast_clsi_surveillance,breakpoint_surveillance_2024
klebsiella_pneumoniae,ciprofloxacin,asia,2024,0.812,26.0,0.5,0.244,31.2,eucast_clsi_surveillance,breakpoint_surveillance_2024
klebsiella_pneumoniae,ciprofloxacin,africa,2024,0.875,28.0,0.5,0.263,33.6,eucast_clsi_surveillance,breakpoint_surveillance_2024
klebsiella_pneumoniae,ciprofloxacin,south_america,2024,0.75,24.0,0.5,0.225,28.8,eucast_clsi_surveillance,breakpoint_surveillance_2024
klebsiella_pneumoniae,ciprofloxacin,oceania,2024,0.594,19.0,0.5,0.178,22.8,eucast_clsi_surveillance,breakpoint_surveillance_2024
klebsiella_pneumoniae,colistin,north_america,2019,0.5,2.0,2.0,0.15,2.4,eucast_clsi_surveillance,breakpoint_surveillance_2019
klebsiella_pneumoniae,colistin,europe,2019,0.55,2.2,2.0,0.165,2.64,eucast_clsi_surveillance,breakpoint_surveillance_2019
klebsiella_pneumoniae,colistin,asia,2019,0.65,2.6,2.0,0.195,3.12,eucast_clsi_surveillance,breakpoint_surveillance_2019
klebsiella_pneumoniae,colistin,africa,2019,0.7,2.8,2.0,0.21,3.36,eucast_clsi_surveillance,breakpoint_surveillance_2019
klebsiella_pneumoniae,colistin,south_america,2019,0.6,2.4,2.0,0.18,2.88,eucast_clsi_surveillance,breakpoint_surveillance_2019
klebsiella_pneumoniae,colistin,oceania,2019,0.475,1.9,2.0,0.142,2.28,eucast_clsi_surveillance,breakpoint_surveillance_2019
klebsiella_pneumoniae,colistin,north_america,2020,0.525,2.1,2.0,0.158,2.52,eucast_clsi_surveillance,breakpoint_surveillance_2020
klebsiella_pneumoniae,colistin,europe,2020,0.578,2.31,2.0,0.173,2.772,eucast_clsi_surveillance,breakpoint_surveillance_2020
klebsiella_pneumoniae,colistin,asia,2020,0.683,2.73,2.0,0.205,3.276,eucast_clsi_surveillance,breakpoint_surveillance_2020
klebsiella_pneumoniae,colistin,africa,2020,0.735,2.94,2.0,0.221,3.528,eucast_clsi_surveillance,breakpoint_surveillance_2020
klebsiella_pneumoniae,colistin,south_america,2020,0.63,2.52,2.0,0.189,3.024,eucast_clsi_surveillance,breakpoint_surveillance_2020
klebsiella_pneumoniae,colistin,oceania,2020,0.499,1.995,2.0,0.15,2.394,eucast_clsi_surveillance,breakpoint_surveillance_2020
klebsiella_pneumoniae,colistin,north_america,2021,0.55,2.2,2.0,0.165,2.64,eucast_clsi_surveillance,breakpoint_surveillance_2021
klebsiella_pneumoniae,colistin,europe,2021,0.605,2.42,2.0,0.182,2.904,eucast_clsi_surveillance,breakpoint_surveillance_2021
klebsiella_pneumoniae,colistin,asia,2021,0.715,2.86,2.0,0.215,3.432,eucast_clsi_surveillance,breakpoint_surveillance_2021
klebsiella_pneumoniae,colistin,africa,2021,0.77,3.08,2.0,0.231,3.696,eucast_clsi_surveillance,breakpoint_surveillance_2021
klebsiella_pneumoniae,colistin,south_america,2021,0.66,2.64,2.0,0.198,3.168,eucast_clsi_surveillance,breakpoint_surveillance_2021
klebsiella_pneumoniae,colistin,oceania,2021,0.522,2.09,2.0,0.157,2.508,eucast_clsi_surveillance,breakpoint_surveillance_2021
klebsiella_pneumoniae,colistin,north_america,2022,0.575,2.3,2.0,0.172,2.76,eucast_clsi_surveillance,breakpoint_surveillance_2022
klebsiella_pneumoniae,colistin,europe,2022,0.632,2.53,2.0,0.19,3.036,eucast_clsi_surveillance,breakpoint_surveillance_2022
klebsiella_pneumoniae,colistin,asia,2022,0.747,2.99,2.0,0.224,3.588,eucast_clsi_surveillance,breakpoint_surveillance_2022
klebsiella_pneumoniae,colistin,africa,2022,0.805,3.22,2.0,0.241,3.864,eucast_clsi_surveillance,breakpoint_surveillance_2022
klebsiella_pneumoniae,colistin,south_america,2022,0.69,2.76,2.0,0.207,3.312,eucast_clsi_surveillance,breakpoint_surveillance_2022
klebsiella_pneumoniae,colistin,oceania,2022,0.546,2.185,2.0,0.164,2.622,eucast_clsi_surveillance,breakpoint_surveillance_2022
klebsiella_pneumoniae,colistin,north_america,2023,0.6,2.4,2.0,0.18,2.88,eucast_clsi_surveillance,breakpoint_surveillance_2023
klebsiella_pneumoniae,colistin,europe,2023,0.66,2.64,2.0,0.198,3.168,eucast_clsi_surveillance,breakpoint_surveillance_2023
klebsiella_pneumoniae,colistin,asia,2023,0.78,3.12,2.0,0.234,3.744,eucast_clsi_surveillance,breakpoint_surveillance_2023
klebsiella_pneumoniae,colistin,africa,2023,0.84,3.36,2.0,0.252,4.032,eucast_clsi_surveillance,breakpoint_surveillance_2023
klebsiella_pneumoniae,colistin,south_america,2023,0.72,2.88,2.0,0.216,3.456,eucast_clsi_surveillance,breakpoint_surveillance_2023
klebsiella_pneumoniae,colistin,oceania,2023,0.57,2.28,2.0,0.171,2.736,eucast_clsi_surveillance,breakpoint_surveillance_2023
klebsiella_pneumoniae,colistin,north_america,2024,0.625,2.5,2.0,0.188,3.0,eucast_clsi_surveillance,breakpoint_surveillance_2024
klebsiella_pneumoniae,colistin,europe,2024,0.688,2.75,2.0,0.206,3.3,eucast_clsi_surveillance,breakpoint_surveillance_2024
klebsiella_pneumoniae,colistin,asia,2024,0.812,3.25,2.0,0.244,3.9,eucast_clsi_surveillance,breakpoint_surveillance_2024
klebsiella_pneumoniae,colistin,africa,2024,0.875,3.5,2.0,0.263,4.2,eucast_clsi_surveillance,breakpoint_surveillance_2024
klebsiella_pneumoniae,colistin,south_america,2024,0.75,3.0,2.0,0.225,3.6,eucast_clsi_surveillance,breakpoint_surveillance_2024
klebsiella_pneumoniae,colistin,oceania,2024,0.594,2.375,2.0,0.178,2.85,eucast_clsi_surveillance,breakpoint_surveillance_2024
staphylococcus_aureus,oxacillin,north_america,2019,0.5,256.0,2.0,0.15,307.2,eucast_clsi_surveillance,breakpoint_surveillance_2019
staphylococcus_aureus,oxacillin,europe,2019,0.55,281.6,2.0,0.165,337.92,eucast_clsi_surveillance,breakpoint_surveillance_2019
staphylococcus_aureus,oxacillin,asia,2019,0.65,332.8,2.0,0.195,399.36,eucast_clsi_surveillance,breakpoint_surveillance_2019
staphylococcus_aureus,oxacillin,africa,2019,0.7,358.4,2.0,0.21,430.08,eucast_clsi_surveillance,breakpoint_surveillance_2019
staphylococcus_aureus,oxacillin,south_america,2019,0.6,307.2,2.0,0.18,368.64,eucast_clsi_surveillance,breakpoint_surveillance_2019
staphylococcus_aureus,oxacillin,oceania,2019,0.475,243.2,2.0,0.142,291.84,eucast_clsi_surveillance,breakpoint_surveillance_2019
staphylococcus_aureus,oxacillin,north_america,2020,0.525,268.8,2.0,0.158,322.56,eucast_clsi_surveillance,breakpoint_surveillance_2020
staphylococcus_aureus,oxacillin,europe,2020,0.578,295.68,2.0,0.173,354.816,eucast_clsi_surveillance,breakpoint_surveillance_2020
staphylococcus_aureus,oxacillin,asia,2020,0.683,349.44,2.0,0.205,419.328,eucast_clsi_surveillance,breakpoint_surveillance_2020
staphylococcus_aureus,oxacillin,africa,2020,0.735,376.32,2.0,0.221,451.584,eucast_clsi_surveillance,breakpoint_surveillance_2020
staphylococcus_aureus,oxacillin,south_america,2020,0.63,322.56,2.0,0.189,387.072,eucast_clsi_surveillance,breakpoint_surveillance_2020
staphylococcus_aureus,oxacillin,oceania,2020,0.499,255.36,2.0,0.15,306.432,eucast_clsi_surveillance,breakpoint_surveillance_2020
staphylococcus_aureus,oxacillin,north_america,2021,0.55,281.6,2.0,0.165,337.92,eucast_clsi_surveillance,breakpoint_surveillance_2021
staphylococcus_aureus,oxacillin,europe,2021,0.605,309.76,2.0,0.182,371.712,eucast_clsi_surveillance,breakpoint_surveillance_2021
staphylococcus_aureus,oxacillin,asia,2021,0.715,366.08,2.0,0.215,439.296,eucast_clsi_surveillance,breakpoint_surveillance_2021
staphylococcus_aureus,oxacillin,africa,2021,0.77,394.24,2.0,0.231,473.088,eucast_clsi_surveillance,breakpoint_surveillance_2021
staphylococcus_aureus,oxacillin,south_america,2021,0.66,337.92,2.0,0.198,405.504,eucast_clsi_surveillance,breakpoint_surveillance_2021
staphylococcus_aureus,oxacillin,oceania,2021,0.522,267.52,2.0,0.157,321.024,eucast_clsi_surveillance,breakpoint_surveillance_2021
staphylococcus_aureus,oxacillin,north_america,2022,0.575,294.4,2.0,0.172,353.28,eucast_clsi_surveillance,breakpoint_surveillance_2022
staphylococcus_aureus,oxacillin,europe,2022,0.632,323.84,2.0,0.19,388.608,eucast_clsi_surveillance,breakpoint_surveillance_2022
staphylococcus_aureus,oxacillin,asia,2022,0.747,382.72,2.0,0.224,459.264,eucast_clsi_surveillance,breakpoint_surveillance_2022
staphylococcus_aureus,oxacillin,africa,2022,0.805,412.16,2.0,0.241,494.592,eucast_clsi_surveillance,breakpoint_surveillance_2022
staphylococcus_aureus,oxacillin,south_america,2022,0.69,353.28,2.0,0.207,423.936,eucast_clsi_surveillance,breakpoint_surveillance_2022
staphylococcus_aureus,oxacillin,oceania,2022,0.546,279.68,2.0,0.164,335.616,eucast_clsi_surveillance,breakpoint_surveillance_2022
staphylococcus_aureus,oxacillin,north_america,2023,0.6,307.2,2.0,0.18,368.64,eucast_clsi_surveillance,breakpoint_surveillance_2023
staphylococcus_aureus,oxacillin,europe,2023,0.66,337.92,2.0,0.198,405.504,eucast_clsi_surveillance,breakpoint_surveillance_2023
staphylococcus_aureus,oxacillin,asia,2023,0.78,399.36,2.0,0.234,479.232,eucast_clsi_surveillance,breakpoint_surveillance_2023
staphylococcus_aureus,oxacillin,africa,2023,0.84,430.08,2.0,0.252,516.096,eucast_clsi_surveillance,breakpoint_surveillance_2023
staphylococcus_aureus,oxacillin,south_america,2023,0.72,368.64,2.0,0.216,442.368,eucast_clsi_surveillance,breakpoint_surveillance_2023
staphylococcus_aureus,oxacillin,oceania,2023,0.57,291.84,2.0,0.171,350.208,eucast_clsi_surveillance,breakpoint_surveillance_2023
staphylococcus_aureus,oxacillin,north_america,2024,0.625,320.0,2.0,0.188,384.0,eucast_clsi_surveillance,breakpoint_surveillance_2024
staphylococcus_aureus,oxacillin,europe,2024,0.688,352.0,2.0,0.206,422.4,eucast_clsi_surveillance,breakpoint_surveillance_2024
staphylococcus_aureus,oxacillin,asia,2024,0.812,416.0,2.0,0.244,499.2,eucast_clsi_surveillance,breakpoint_surveillance_2024
staphylococcus_aureus,oxacillin,africa,2024,0.875,448.0,2.0,0.263,537.6,eucast_clsi_surveillance,breakpoint_surveillance_2024
staphylococcus_aureus,oxacillin,south_america,2024,0.75,384.0,2.0,0.225,460.8,eucast_clsi_surveillance,breakpoint_surveillance_2024
staphylococcus_aureus,oxacillin,oceania,2024,0.594,304.0,2.0,0.178,364.8,eucast_clsi_surveillance,breakpoint_surveillance_2024
staphylococcus_aureus,vancomycin,north_america,2019,1.0,2.0,4.0,0.3,2.4,eucast_clsi_surveillance,breakpoint_surveillance_2019
staphylococcus_aureus,vancomycin,europe,2019,1.1,2.2,4.0,0.33,2.64,eucast_clsi_surveillance,breakpoint_surveillance_2019
staphylococcus_aureus,vancomycin,asia,2019,1.3,2.6,4.0,0.39,3.12,eucast_clsi_surveillance,breakpoint_surveillance_2019
staphylococcus_aureus,vancomycin,africa,2019,1.4,2.8,4.0,0.42,3.36,eucast_clsi_surveillance,breakpoint_surveillance_2019
staphylococcus_aureus,vancomycin,south_america,2019,1.2,2.4,4.0,0.36,2.88,eucast_clsi_surveillance,breakpoint_surveillance_2019
staphylococcus_aureus,vancomycin,oceania,2019,0.95,1.9,4.0,0.285,2.28,eucast_clsi_surveillance,breakpoint_surveillance_2019
staphylococcus_aureus,vancomycin,north_america,2020,1.05,2.1,4.0,0.315,2.52,eucast_clsi_surveillance,breakpoint_surveillance_2020
staphylococcus_aureus,vancomycin,europe,2020,1.155,2.31,4.0,0.347,2.772,eucast_clsi_surveillance,breakpoint_surveillance_2020
staphylococcus_aureus,vancomycin,asia,2020,1.365,2.73,4.0,0.41,3.276,eucast_clsi_surveillance,breakpoint_surveillance_2020
staphylococcus_aureus,vancomycin,africa,2020,1.47,2.94,4.0,0.441,3.528,eucast_clsi_surveillance,breakpoint_surveillance_2020
staphylococcus_aureus,vancomycin,south_america,2020,1.26,2.52,4.0,0.378,3.024,eucast_clsi_surveillance,breakpoint_surveillance_2020
staphylococcus_aureus,vancomycin,oceania,2020,0.997,1.995,4.0,0.299,2.394,eucast_clsi_surveillance,breakpoint_surveillance_2020
staphylococcus_aureus,vancomycin,north_america,2021,1.1,2.2,4.0,0.33,2.64,eucast_clsi_surveillance,breakpoint_surveillance_2021
staphylococcus_aureus,vancomycin,europe,2021,1.21,2.42,4.0,0.363,2.904,eucast_clsi_surveillance,breakpoint_surveillance_2021
staphylococcus_aureus,vancomycin,asia,2021,1.43,2.86,4.0,0.429,3.432,eucast_clsi_surveillance,breakpoint_surveillance_2021
staphylococcus_aureus,vancomycin,africa,2021,1.54,3.08,4.0,0.462,3.696,eucast_clsi_surveillance,breakpoint_surveillance_2021
staphylococcus_aureus,vancomycin,south_america,2021,1.32,2.64,4.0,0.396,3.168,eucast_clsi_surveillance,breakpoint_surveillance_2021
staphylococcus_aureus,vancomycin,oceania,2021,1.045,2.09,4.0,0.313,2.508,eucast_clsi_surveillance,breakpoint_surveillance_2021
staphylococcus_aureus,vancomycin,north_america,2022,1.15,2.3,4.0,0.345,2.76,eucast_clsi_surveillance,breakpoint_surveillance_2022
staphylococcus_aureus,vancomycin,europe,2022,1.265,2.53,4.0,0.379,3.036,eucast_clsi_surveillance,breakpoint_surveillance_2022
staphylococcus_aureus,vancomycin,asia,2022,1.495,2.99,4.0,0.448,3.588,eucast_clsi_surveillance,breakpoint_surveillance_2022
staphylococcus_aureus,vancomycin,africa,2022,1.61,3.22,4.0,0.483,3.864,eucast_clsi_surveillance,breakpoint_surveillance_2022
staphylococcus_aureus,vancomycin,south_america,2022,1.38,2.76,4.0,0.414,3.312,eucast_clsi_surveillance,breakpoint_surveillance_2022
staphylococcus_aureus,vancomycin,oceania,2022,1.092,2.185,4.0,0.328,2.622,eucast_clsi_surveillance,breakpoint_surveillance_2022
staphylococcus_aureus,vancomycin,north_america,2023,1.2,2.4,4.0,0.36,2.88,eucast_clsi_surveillance,breakpoint_surveillance_2023
staphylococcus_aureus,vancomycin,europe,2023,1.32,2.64,4.0,0.396,3.168,eucast_clsi_surveillance,breakpoint_surveillance_2023
staphylococcus_aureus,vancomycin,asia,2023,1.56,3.12,4.0,0.468,3.744,eucast_clsi_surveillance,breakpoint_surveillance_2023
staphylococcus_aureus,vancomycin,africa,2023,1.68,3.36,4.0,0.504,4.032,eucast_clsi_surveillance,breakpoint_surveillance_2023
staphylococcus_aureus,vancomycin,south_america,2023,1.44,2.88,4.0,0.432,3.456,eucast_clsi_surveillance,breakpoint_surveillance_2023
staphylococcus_aureus,vancomycin,oceania,2023,1.14,2.28,4.0,0.342,2.736,eucast_clsi_surveillance,breakpoint_surveillance_2023
staphylococcus_aureus,vancomycin,north_america,2024,1.25,2.5,4.0,0.375,3.0,eucast_clsi_surveillance,breakpoint_surveillance_2024
staphylococcus_aureus,vancomycin,europe,2024,1.375,2.75,4.0,0.412,3.3,eucast_clsi_surveillance,breakpoint_surveillance_2024
staphylococcus_aureus,vancomycin,asia,2024,1.625,3.25,4.0,0.487,3.9,eucast_clsi_surveillance,breakpoint_surveillance_2024
staphylococcus_aureus,vancomycin,africa,2024,1.75,3.5,4.0,0.525,4.2,eucast_clsi_surveillance,breakpoint_surveillance_2024
staphylococcus_aureus,vancomycin,south_america,2024,1.5,3.0,4.0,0.45,3.6,eucast_clsi_surveillance,breakpoint_surveillance_2024
staphylococcus_aureus,vancomycin,oceania,2024,1.188,2.375,4.0,0.356,2.85,eucast_clsi_surveillance,breakpoint_surveillance_2024
staphylococcus_aureus,clindamycin,north_america,2019,0.25,256.0,0.5,0.075,307.2,eucast_clsi_surveillance,breakpoint_surveillance_2019
staphylococcus_aureus,clindamycin,europe,2019,0.275,281.6,0.5,0.083,337.92,eucast_clsi_surveillance,breakpoint_surveillance_2019
staphylococcus_aureus,clindamycin,asia,2019,0.325,332.8,0.5,0.098,399.36,eucast_clsi_surveillance,breakpoint_surveillance_2019
staphylococcus_aureus,clindamycin,africa,2019,0.35,358.4,0.5,0.105,430.08,eucast_clsi_surveillance,breakpoint_surveillance_2019
staphylococcus_aureus,clindamycin,south_america,2019,0.3,307.2,0.5,0.09,368.64,eucast_clsi_surveillance,breakpoint_surveillance_2019
staphylococcus_aureus,clindamycin,oceania,2019,0.237,243.2,0.5,0.071,291.84,eucast_clsi_surveillance,breakpoint_surveillance_2019
staphylococcus_aureus,clindamycin,north_america,2020,0.263,268.8,0.5,0.079,322.56,eucast_clsi_surveillance,breakpoint_surveillance_2020
staphylococcus_aureus,clindamycin,europe,2020,0.289,295.68,0.5,0.087,354.816,eucast_clsi_surveillance,breakpoint_surveillance_2020
staphylococcus_aureus,clindamycin,asia,2020,0.341,349.44,0.5,0.102,419.328,eucast_clsi_surveillance,breakpoint_surveillance_2020
staphylococcus_aureus,clindamycin,africa,2020,0.367,376.32,0.5,0.11,451.584,eucast_clsi_surveillance,breakpoint_surveillance_2020
staphylococcus_aureus,clindamycin,south_america,2020,0.315,322.56,0.5,0.095,387.072,eucast_clsi_surveillance,breakpoint_surveillance_2020
staphylococcus_aureus,clindamycin,oceania,2020,0.249,255.36,0.5,0.075,306.432,eucast_clsi_surveillance,breakpoint_surveillance_2020
staphylococcus_aureus,clindamycin,north_america,2021,0.275,281.6,0.5,0.083,337.92,eucast_clsi_surveillance,breakpoint_surveillance_2021
staphylococcus_aureus,clindamycin,europe,2021,0.303,309.76,0.5,0.091,371.712,eucast_clsi_surveillance,breakpoint_surveillance_2021
staphylococcus_aureus,clindamycin,asia,2021,0.358,366.08,0.5,0.107,439.296,eucast_clsi_surveillance,breakpoint_surveillance_2021
staphylococcus_aureus,clindamycin,africa,2021,0.385,394.24,0.5,0.115,473.088,eucast_clsi_surveillance,breakpoint_surveillance_2021
staphylococcus_aureus,clindamycin,south_america,2021,0.33,337.92,0.5,0.099,405.504,eucast_clsi_surveillance,breakpoint_surveillance_2021
staphylococcus_aureus,clindamycin,oceania,2021,0.261,267.52,0.5,0.078,321.024,eucast_clsi_surveillance,breakpoint_surveillance_2021
staphylococcus_aureus,clindamycin,north_america,2022,0.287,294.4,0.5,0.086,353.28,eucast_clsi_surveillance,breakpoint_surveillance_2022
staphylococcus_aureus,clindamycin,europe,2022,0.316,323.84,0.5,0.095,388.608,eucast_clsi_surveillance,breakpoint_surveillance_2022
staphylococcus_aureus,clindamycin,asia,2022,0.374,382.72,0.5,0.112,459.264,eucast_clsi_surveillance,breakpoint_surveillance_2022
staphylococcus_aureus,clindamycin,africa,2022,0.402,412.16,0.5,0.121,494.592,eucast_clsi_surveillance,breakpoint_surveillance_2022
staphylococcus_aureus,clindamycin,south_america,2022,0.345,353.28,0.5,0.103,423.936,eucast_clsi_surveillance,breakpoint_surveillance_2022
staphylococcus_aureus,clindamycin,oceania,2022,0.273,279.68,0.5,0.082,335.616,eucast_clsi_surveillance,breakpoint_surveillance_2022
staphylococcus_aureus,clindamycin,north_america,2023,0.3,307.2,0.5,0.09,368.64,eucast_clsi_surveillance,breakpoint_surveillance_2023
staphylococcus_aureus,clindamycin,europe,2023,0.33,337.92,0.5,0.099,405.504,eucast_clsi_surveillance,breakpoint_surveillance_2023
staphylococcus_aureus,clindamycin,asia,2023,0.39,399.36,0.5,0.117,479.232,eucast_clsi_surveillance,breakpoint_surveillance_2023
staphylococcus_aureus,clindamycin,africa,2023,0.42,430.08,0.5,0.126,516.096,eucast_clsi_surveillance,breakpoint_surveillance_2023
staphylococcus_aureus,clindamycin,south_america,2023,0.36,368.64,0.5,0.108,442.368,eucast_clsi_surveillance,breakpoint_surveillance_2023
staphylococcus_aureus,clindamycin,oceania,2023,0.285,291.84,0.5,0.085,350.208,eucast_clsi_surveillance,breakpoint_surveillance_2023
staphylococcus_aureus,clindamycin,north_america,2024,0.312,320.0,0.5,0.094,384.0,eucast_clsi_surveillance,breakpoint_surveillance_2024
staphylococcus_aureus,clindamycin,europe,2024,0.344,352.0,0.5,0.103,422.4,eucast_clsi_surveillance,breakpoint_surveillance_2024
staphylococcus_aureus,clindamycin,asia,2024,0.406,416.0,0.5,0.122,499.2,eucast_clsi_surveillance,breakpoint_surveillance_2024
staphylococcus_aureus,clindamycin,africa,2024,0.438,448.0,0.5,0.131,537.6,eucast_clsi_surveillance,breakpoint_surveillance_2024
staphylococcus_aureus,clindamycin,south_america,2024,0.375,384.0,0.5,0.112,460.8,eucast_clsi_surveillance,breakpoint_surveillance_2024
staphylococcus_aureus,clindamycin,oceania,2024,0.297,304.0,0.5,0.089,364.8,eucast_clsi_surveillance,breakpoint_surveillance_2024
staphylococcus_aureus,daptomycin,north_america,2019,0.5,1.0,1.0,0.15,1.2,eucast_clsi_surveillance,breakpoint_surveillance_2019
staphylococcus_aureus,daptomycin,europe,2019,0.55,1.1,1.0,0.165,1.32,eucast_clsi_surveillance,breakpoint_surveillance_2019
staphylococcus_aureus,daptomycin,asia,2019,0.65,1.3,1.0,0.195,1.56,eucast_clsi_surveillance,breakpoint_surveillance_2019
staphylococcus_aureus,daptomycin,africa,2019,0.7,1.4,1.0,0.21,1.68,eucast_clsi_surveillance,breakpoint_surveillance_2019
staphylococcus_aureus,daptomycin,south_america,2019,0.6,1.2,1.0,0.18,1.44,eucast_clsi_surveillance,breakpoint_surveillance_2019
staphylococcus_aureus,daptomycin,oceania,2019,0.475,0.95,1.0,0.142,1.14,eucast_clsi_surveillance,breakpoint_surveillance_2019
staphylococcus_aureus,daptomycin,north_america,2020,0.525,1.05,1.0,0.158,1.26,eucast_clsi_surveillance,breakpoint_surveillance_2020
staphylococcus_aureus,daptomycin,europe,2020,0.578,1.155,1.0,0.173,1.386,eucast_clsi_surveillance,breakpoint_surveillance_2020
staphylococcus_aureus,daptomycin,asia,2020,0.683,1.365,1.0,0.205,1.638,eucast_clsi_surveillance,breakpoint_surveillance_2020
staphylococcus_aureus,daptomycin,africa,2020,0.735,1.47,1.0,0.221,1.764,eucast_clsi_surveillance,breakpoint_surveillance_2020
staphylococcus_aureus,daptomycin,south_america,2020,0.63,1.26,1.0,0.189,1.512,eucast_clsi_surveillance,breakpoint_surveillance_2020
staphylococcus_aureus,daptomycin,oceania,2020,0.499,0.997,1.0,0.15,1.197,eucast_clsi_surveillance,breakpoint_surveillance_2020
staphylococcus_aureus,daptomycin,north_america,2021,0.55,1.1,1.0,0.165,1.32,eucast_clsi_surveillance,breakpoint_surveillance_2021
staphylococcus_aureus,daptomycin,europe,2021,0.605,1.21,1.0,0.182,1.452,eucast_clsi_surveillance,breakpoint_surveillance_2021
staphylococcus_aureus,daptomycin,asia,2021,0.715,1.43,1.0,0.215,1.716,eucast_clsi_surveillance,breakpoint_surveillance_2021
staphylococcus_aureus,daptomycin,africa,2021,0.77,1.54,1.0,0.231,1.848,eucast_clsi_surveillance,breakpoint_surveillance_2021
staphylococcus_aureus,daptomycin,south_america,2021,0.66,1.32,1.0,0.198,1.584,eucast_clsi_surveillance,breakpoint_surveillance_2021
staphylococcus_aureus,daptomycin,oceania,2021,0.522,1.045,1.0,0.157,1.254,eucast_clsi_surveillance,breakpoint_surveillance_2021
staphylococcus_aureus,daptomycin,north_america,2022,0.575,1.15,1.0,0.172,1.38,eucast_clsi_surveillance,breakpoint_surveillance_2022
staphylococcus_aureus,daptomycin,europe,2022,0.632,1.265,1.0,0.19,1.518,eucast_clsi_surveillance,breakpoint_surveillance_2022
staphylococcus_aureus,daptomycin,asia,2022,0.747,1.495,1.0,0.224,1.794,eucast_clsi_surveillance,breakpoint_surveillance_2022
staphylococcus_aureus,daptomycin,africa,2022,0.805,1.61,1.0,0.241,1.932,eucast_clsi_surveillance,breakpoint_surveillance_2022
staphylococcus_aureus,daptomycin,south_america,2022,0.69,1.38,1.0,0.207,1.656,eucast_clsi_surveillance,breakpoint_surveillance_2022
staphylococcus_aureus,daptomycin,oceania,2022,0.546,1.092,1.0,0.164,1.311,eucast_clsi_surveillance,breakpoint_surveillance_2022
staphylococcus_aureus,daptomycin,north_america,2023,0.6,1.2,1.0,0.18,1.44,eucast_clsi_surveillance,breakpoint_surveillance_2023
staphylococcus_aureus,daptomycin,europe,2023,0.66,1.32,1.0,0.198,1.584,eucast_clsi_surveillance,breakpoint_surveillance_2023
staphylococcus_aureus,daptomycin,asia,2023,0.78,1.56,1.0,0.234,1.872,eucast_clsi_surveillance,breakpoint_surveillance_2023
staphylococcus_aureus,daptomycin,africa,2023,0.84,1.68,1.0,0.252,2.016,eucast_clsi_surveillance,breakpoint_surveillance_2023
staphylococcus_aureus,daptomycin,south_america,2023,0.72,1.44,1.0,0.216,1.728,eucast_clsi_surveillance,breakpoint_surveillance_2023
staphylococcus_aureus,daptomycin,oceania,2023,0.57,1.14,1.0,0.171,1.368,eucast_clsi_surveillance,breakpoint_surveillance_2023
staphylococcus_aureus,daptomycin,north_america,2024,0.625,1.25,1.0,0.188,1.5,eucast_clsi_surveillance,breakpoint_surveillance_2024
staphylococcus_aureus,daptomycin,europe,2024,0.688,1.375,1.0,0.206,1.65,eucast_clsi_surveillance,breakpoint_surveillance_2024
staphylococcus_aureus,daptomycin,asia,2024,0.812,1.625,1.0,0.244,1.95,eucast_clsi_surveillance,breakpoint_surveillance_2024
staphylococcus_aureus,daptomycin,africa,2024,0.875,1.75,1.0,0.263,2.1,eucast_clsi_surveillance,breakpoint_surveillance_2024
staphylococcus_aureus,daptomycin,south_america,2024,0.75,1.5,1.0,0.225,1.8,eucast_clsi_surveillance,breakpoint_surveillance_2024
staphylococcus_aureus,daptomycin,oceania,2024,0.594,1.188,1.0,0.178,1.425,eucast_clsi_surveillance,breakpoint_surveillance_2024
pseudomonas_aeruginosa,ceftazidime,north_america,2019,2.0,32.0,8.0,0.6,38.4,eucast_clsi_surveillance,breakpoint_surveillance_2019
pseudomonas_aeruginosa,ceftazidime,europe,2019,2.2,35.2,8.0,0.66,42.24,eucast_clsi_surveillance,breakpoint_surveillance_2019
pseudomonas_aeruginosa,ceftazidime,asia,2019,2.6,41.6,8.0,0.78,49.92,eucast_clsi_surveillance,breakpoint_surveillance_2019
pseudomonas_aeruginosa,ceftazidime,africa,2019,2.8,44.8,8.0,0.84,53.76,eucast_clsi_surveillance,breakpoint_surveillance_2019
pseudomonas_aeruginosa,ceftazidime,south_america,2019,2.4,38.4,8.0,0.72,46.08,eucast_clsi_surveillance,breakpoint_surveillance_2019
pseudomonas_aeruginosa,ceftazidime,oceania,2019,1.9,30.4,8.0,0.57,36.48,eucast_clsi_surveillance,breakpoint_surveillance_2019
pseudomonas_aeruginosa,ceftazidime,north_america,2020,2.1,33.6,8.0,0.63,40.32,eucast_clsi_surveillance,breakpoint_surveillance_2020
pseudomonas_aeruginosa,ceftazidime,europe,2020,2.31,36.96,8.0,0.693,44.352,eucast_clsi_surveillance,breakpoint_surveillance_2020
pseudomonas_aeruginosa,ceftazidime,asia,2020,2.73,43.68,8.0,0.819,52.416,eucast_clsi_surveillance,breakpoint_surveillance_2020
pseudomonas_aeruginosa,ceftazidime,africa,2020,2.94,47.04,8.0,0.882,56.448,eucast_clsi_surveillance,breakpoint_surveillance_2020
pseudomonas_aeruginosa,ceftazidime,south_america,2020,2.52,40.32,8.0,0.756,48.384,eucast_clsi_surveillance,breakpoint_surveillance_2020
pseudomonas_aeruginosa,ceftazidime,oceania,2020,1.995,31.92,8.0,0.598,38.304,eucast_clsi_surveillance,breakpoint_surveillance_2020
pseudomonas_aeruginosa,ceftazidime,north_america,2021,2.2,35.2,8.0,0.66,42.24,eucast_clsi_surveillance,breakpoint_surveillance_2021
pseudomonas_aeruginosa,ceftazidime,europe,2021,2.42,38.72,8.0,0.726,46.464,eucast_clsi_surveillance,breakpoint_surveillance_2021
pseudomonas_aeruginosa,ceftazidime,asia,2021,2.86,45.76,8.0,0.858,54.912,eucast_clsi_surveillance,breakpoint_surveillance_2021
pseudomonas_aeruginosa,ceftazidime,africa,2021,3.08,49.28,8.0,0.924,59.136,eucast_clsi_surveillance,breakpoint_surveillance_2021
pseudomonas_aeruginosa,ceftazidime,south_america,2021,2.64,42.24,8.0,0.792,50.688,eucast_clsi_surveillance,breakpoint_surveillance_2021
pseudomonas_aeruginosa,ceftazidime,oceania,2021,2.09,33.44,8.0,0.627,40.128,eucast_clsi_surveillance,breakpoint_surveillance_2021
pseudomonas_aeruginosa,ceftazidime,north_america,2022,2.3,36.8,8.0,0.69,44.16,eucast_clsi_surveillance,breakpoint_surveillance_2022
pseudomonas_aeruginosa,ceftazidime,europe,2022,2.53,40.48,8.0,0.759,48.576,eucast_clsi_surveillance,breakpoint_surveillance_2022
pseudomonas_aeruginosa,ceftazidime,asia,2022,2.99,47.84,8.0,0.897,57.408,eucast_clsi_surveillance,breakpoint_surveillance_2022
pseudomonas_aeruginosa,ceftazidime,africa,2022,3.22,51.52,8.0,0.966,61.824,eucast_clsi_surveillance,breakpoint_surveillance_2022
pseudomonas_aeruginosa,ceftazidime,south_america,2022,2.76,44.16,8.0,0.828,52.992,eucast_clsi_surveillance,breakpoint_surveillance_2022
pseudomonas_aeruginosa,ceftazidime,oceania,2022,2.185,34.96,8.0,0.655,41.952,eucast_clsi_surveillance,breakpoint_surveillance_2022
pseudomonas_aeruginosa,ceftazidime,north_america,2023,2.4,38.4,8.0,0.72,46.08,eucast_clsi_surveillance,breakpoint_surveillance_2023
pseudomonas_aeruginosa,ceftazidime,europe,2023,2.64,42.24,8.0,0.792,50.688,eucast_clsi_surveillance,breakpoint_surveillance_2023
pseudomonas_aeruginosa,ceftazidime,asia,2023,3.12,49.92,8.0,0.936,59.904,eucast_clsi_surveillance,breakpoint_surveillance_2023
pseudomonas_aeruginosa,ceftazidime,africa,2023,3.36,53.76,8.0,1.008,64.512,eucast_clsi_surveillance,breakpoint_surveillance_2023
pseudomonas_aeruginosa,ceftazidime,south_america,2023,2.88,46.08,8.0,0.864,55.296,eucast_clsi_surveillance,breakpoint_surveillance_2023
pseudomonas_aeruginosa,ceftazidime,oceania,2023,2.28,36.48,8.0,0.684,43.776,eucast_clsi_surveillance,breakpoint_surveillance_2023
pseudomonas_aeruginosa,ceftazidime,north_america,2024,2.5,40.0,8.0,0.75,48.0,eucast_clsi_surveillance,breakpoint_surveillance_2024
pseudomonas_aeruginosa,ceftazidime,europe,2024,2.75,44.0,8.0,0.825,52.8,eucast_clsi_surveillance,breakpoint_surveillance_2024
pseudomonas_aeruginosa,ceftazidime,asia,2024,3.25,52.0,8.0,0.975,62.4,eucast_clsi_surveillance,breakpoint_surveillance_2024
pseudomonas_aeruginosa,ceftazidime,africa,2024,3.5,56.0,8.0,1.05,67.2,eucast_clsi_surveillance,breakpoint_surveillance_2024
pseudomonas_aeruginosa,ceftazidime,south_america,2024,3.0,48.0,8.0,0.9,57.6,eucast_clsi_surveillance,breakpoint_surveillance_2024
pseudomonas_aeruginosa,ceftazidime,oceania,2024,2.375,38.0,8.0,0.713,45.6,eucast_clsi_surveillance,breakpoint_surveillance_2024
pseudomonas_aeruginosa,meropenem,north_america,2019,1.0,16.0,8.0,0.3,19.2,eucast_clsi_surveillance,breakpoint_surveillance_2019
pseudomonas_aeruginosa,meropenem,europe,2019,1.1,17.6,8.0,0.33,21.12,eucast_clsi_surveillance,breakpoint_surveillance_2019
pseudomonas_aeruginosa,meropenem,asia,2019,1.3,20.8,8.0,0.39,24.96,eucast_clsi_surveillance,breakpoint_surveillance_2019
pseudomonas_aeruginosa,meropenem,africa,2019,1.4,22.4,8.0,0.42,26.88,eucast_clsi_surveillance,breakpoint_surveillance_2019
pseudomonas_aeruginosa,meropenem,south_america,2019,1.2,19.2,8.0,0.36,23.04,eucast_clsi_surveillance,breakpoint_surveillance_2019
pseudomonas_aeruginosa,meropenem,oceania,2019,0.95,15.2,8.0,0.285,18.24,eucast_clsi_surveillance,breakpoint_surveillance_2019
pseudomonas_aeruginosa,meropenem,north_america,2020,1.05,16.8,8.0,0.315,20.16,eucast_clsi_surveillance,breakpoint_surveillance_2020
pseudomonas_aeruginosa,meropenem,europe,2020,1.155,18.48,8.0,0.347,22.176,eucast_clsi_surveillance,breakpoint_surveillance_2020
pseudomonas_aeruginosa,meropenem,asia,2020,1.365,21.84,8.0,0.41,26.208,eucast_clsi_surveillance,breakpoint_surveillance_2020
pseudomonas_aeruginosa,meropenem,africa,2020,1.47,23.52,8.0,0.441,28.224,eucast_clsi_surveillance,breakpoint_surveillance_2020
pseudomonas_aeruginosa,meropenem,south_america,2020,1.26,20.16,8.0,0.378,24.192,eucast_clsi_surveillance,breakpoint_surveillance_2020
pseudomonas_aeruginosa,meropenem,oceania,2020,0.997,15.96,8.0,0.299,19.152,eucast_clsi_surveillance,breakpoint_surveillance_2020
pseudomonas_aeruginosa,meropenem,north_america,2021,1.1,17.6,8.0,0.33,21.12,eucast_clsi_surveillance,breakpoint_surveillance_2021
pseudomonas_aeruginosa,meropenem,europe,2021,1.21,19.36,8.0,0.363,23.232,eucast_clsi_surveillance,breakpoint_surveillance_2021
pseudomonas_aeruginosa,meropenem,asia,2021,1.43,22.88,8.0,0.429,27.456,eucast_clsi_surveillance,breakpoint_surveillance_2021
pseudomonas_aeruginosa,meropenem,africa,2021,1.54,24.64,8.0,0.462,29.568,eucast_clsi_surveillance,breakpoint_surveillance_2021
pseudomonas_aeruginosa,meropenem,south_america,2021,1.32,21.12,8.0,0.396,25.344,eucast_clsi_surveillance,breakpoint_surveillance_2021
pseudomonas_aeruginosa,meropenem,oceania,2021,1.045,16.72,8.0,0.313,20.064,eucast_clsi_surveillance,breakpoint_surveillance_2021
pseudomonas_aeruginosa,meropenem,north_america,2022,1.15,18.4,8.0,0.345,22.08,eucast_clsi_surveillance,breakpoint_surveillance_2022
pseudomonas_aeruginosa,meropenem,europe,2022,1.265,20.24,8.0,0.379,24.288,eucast_clsi_surveillance,breakpoint_surveillance_2022
pseudomonas_aeruginosa,meropenem,asia,2022,1.495,23.92,8.0,0.448,28.704,eucast_clsi_surveillance,breakpoint_surveillance_2022
pseudomonas_aeruginosa,meropenem,africa,2022,1.61,25.76,8.0,0.483,30.912,eucast_clsi_surveillance,breakpoint_surveillance_2022
pseudomonas_aeruginosa,meropenem,south_america,2022,1.38,22.08,8.0,0.414,26.496,eucast_clsi_surveillance,breakpoint_surveillance_2022
pseudomonas_aeruginosa,meropenem,oceania,2022,1.092,17.48,8.0,0.328,20.976,eucast_clsi_surveillance,breakpoint_surveillance_2022
pseudomonas_aeruginosa,meropenem,north_america,2023,1.2,19.2,8.0,0.36,23.04,eucast_clsi_surveillance,breakpoint_surveillance_2023
pseudomonas_aeruginosa,meropenem,europe,2023,1.32,21.12,8.0,0.396,25.344,eucast_clsi_surveillance,breakpoint_surveillance_2023
pseudomonas_aeruginosa,meropenem,asia,2023,1.56,24.96,8.0,0.468,29.952,eucast_clsi_surveillance,breakpoint_surveillance_2023
pseudomonas_aeruginosa,meropenem,africa,2023,1.68,26.88,8.0,0.504,32.256,eucast_clsi_surveillance,breakpoint_surveillance_2023
pseudomonas_aeruginosa,meropenem,south_america,2023,1.44,23.04,8.0,0.432,27.648,eucast_clsi_surveillance,breakpoint_surveillance_2023
pseudomonas_aeruginosa,meropenem,oceania,2023,1.14,18.24,8.0,0.342,21.888,eucast_clsi_surveillance,breakpoint_surveillance_2023
pseudomonas_aeruginosa,meropenem,north_america,2024,1.25,20.0,8.0,0.375,24.0,eucast_clsi_surveillance,breakpoint_surveillance_2024
pseudomonas_aeruginosa,meropenem,europe,2024,1.375,22.0,8.0,0.412,26.4,eucast_clsi_surveillance,breakpoint_surveillance_2024
pseudomonas_aeruginosa,meropenem,asia,2024,1.625,26.0,8.0,0.487,31.2,eucast_clsi_surveillance,breakpoint_surveillance_2024
pseudomonas_aeruginosa,meropenem,africa,2024,1.75,28.0,8.0,0.525,33.6,eucast_clsi_surveillance,breakpoint_surveillance_2024
pseudomonas_aeruginosa,meropenem,south_america,2024,1.5,24.0,8.0,0.45,28.8,eucast_clsi_surveillance,breakpoint_surveillance_2024
pseudomonas_aeruginosa,meropenem,oceania,2024,1.188,19.0,8.0,0.356,22.8,eucast_clsi_surveillance,breakpoint_surveillance_2024
pseudomonas_aeruginosa,ciprofloxacin,north_america,2019,1.0,16.0,1.0,0.3,19.2,eucast_clsi_surveillance,breakpoint_surveillance_2019
pseudomonas_aeruginosa,ciprofloxacin,europe,2019,1.1,17.6,1.0,0.33,21.12,eucast_clsi_surveillance,breakpoint_surveillance_2019
pseudomonas_aeruginosa,ciprofloxacin,asia,2019,1.3,20.8,1.0,0.39,24.96,eucast_clsi_surveillance,breakpoint_surveillance_2019
pseudomonas_aeruginosa,ciprofloxacin,africa,2019,1.4,22.4,1.0,0.42,26.88,eucast_clsi_surveillance,breakpoint_surveillance_2019
pseudomonas_aeruginosa,ciprofloxacin,south_america,2019,1.2,19.2,1.0,0.36,23.04,eucast_clsi_surveillance,breakpoint_surveillance_2019
pseudomonas_aeruginosa,ciprofloxacin,oceania,2019,0.95,15.2,1.0,0.285,18.24,eucast_clsi_surveillance,breakpoint_surveillance_2019
pseudomonas_aeruginosa,ciprofloxacin,north_america,2020,1.05,16.8,1.0,0.315,20.16,eucast_clsi_surveillance,breakpoint_surveillance_2020
pseudomonas_aeruginosa,ciprofloxacin,europe,2020,1.155,18.48,1.0,0.347,22.176,eucast_clsi_surveillance,breakpoint_surveillance_2020
pseudomonas_aeruginosa,ciprofloxacin,asia,2020,1.365,21.84,1.0,0.41,26.208,eucast_clsi_surveillance,breakpoint_surveillance_2020
pseudomonas_aeruginosa,ciprofloxacin,africa,2020,1.47,23.52,1.0,0.441,28.224,eucast_clsi_surveillance,breakpoint_surveillance_2020
pseudomonas_aeruginosa,ciprofloxacin,south_america,2020,1.26,20.16,1.0,0.378,24.192,eucast_clsi_surveillance,breakpoint_surveillance_2020
pseudomonas_aeruginosa,ciprofloxacin,oceania,2020,0.997,15.96,1.0,0.299,19.152,eucast_clsi_surveillance,breakpoint_surveillance_2020
pseudomonas_aeruginosa,ciprofloxacin,north_america,2021,1.1,17.6,1.0,0.33,21.12,eucast_clsi_surveillance,breakpoint_surveillance_2021
pseudomonas_aeruginosa,ciprofloxacin,europe,2021,1.21,19.36,1.0,0.363,23.232,eucast_clsi_surveillance,breakpoint_surveillance_2021
pseudomonas_aeruginosa,ciprofloxacin,asia,2021,1.43,22.88,1.0,0.429,27.456,eucast_clsi_surveillance,breakpoint_surveillance_2021
pseudomonas_aeruginosa,ciprofloxacin,africa,2021,1.54,24.64,1.0,0.462,29.568,eucast_clsi_surveillance,breakpoint_surveillance_2021
pseudomonas_aeruginosa,ciprofloxacin,south_america,2021,1.32,21.12,1.0,0.396,25.344,eucast_clsi_surveillance,breakpoint_surveillance_2021
pseudomonas_aeruginosa,ciprofloxacin,oceania,2021,1.045,16.72,1.0,0.313,20.064,eucast_clsi_surveillance,breakpoint_surveillance_2021
pseudomonas_aeruginosa,ciprofloxacin,north_america,2022,1.15,18.4,1.0,0.345,22.08,eucast_clsi_surveillance,breakpoint_surveillance_2022
pseudomonas_aeruginosa,ciprofloxacin,europe,2022,1.265,20.24,1.0,0.379,24.288,eucast_clsi_surveillance,breakpoint_surveillance_2022
pseudomonas_aeruginosa,ciprofloxacin,asia,2022,1.495,23.92,1.0,0.448,28.704,eucast_clsi_surveillance,breakpoint_surveillance_2022
pseudomonas_aeruginosa,ciprofloxacin,africa,2022,1.61,25.76,1.0,0.483,30.912,eucast_clsi_surveillance,breakpoint_surveillance_2022
pseudomonas_aeruginosa,ciprofloxacin,south_america,2022,1.38,22.08,1.0,0.414,26.496,eucast_clsi_surveillance,breakpoint_surveillance_2022
pseudomonas_aeruginosa,ciprofloxacin,oceania,2022,1.092,17.48,1.0,0.328,20.976,eucast_clsi_surveillance,breakpoint_surveillance_2022
pseudomonas_aeruginosa,ciprofloxacin,north_america,2023,1.2,19.2,1.0,0.36,23.04,eucast_clsi_surveillance,breakpoint_surveillance_2023
pseudomonas_aeruginosa,ciprofloxacin,europe,2023,1.32,21.12,1.0,0.396,25.344,eucast_clsi_surveillance,breakpoint_surveillance_2023
pseudomonas_aeruginosa,ciprofloxacin,asia,2023,1.56,24.96,1.0,0.468,29.952,eucast_clsi_surveillance,breakpoint_surveillance_2023
pseudomonas_aeruginosa,ciprofloxacin,africa,2023,1.68,26.88,1.0,0.504,32.256,eucast_clsi_surveillance,breakpoint_surveillance_2023
pseudomonas_aeruginosa,ciprofloxacin,south_america,2023,1.44,23.04,1.0,0.432,27.648,eucast_clsi_surveillance,breakpoint_surveillance_2023
pseudomonas_aeruginosa,ciprofloxacin,oceania,2023,1.14,18.24,1.0,0.342,21.888,eucast_clsi_surveillance,breakpoint_surveillance_2023
pseudomonas_aeruginosa,ciprofloxacin,north_america,2024,1.25,20.0,1.0,0.375,24.0,eucast_clsi_surveillance,breakpoint_surveillance_2024
pseudomonas_aeruginosa,ciprofloxacin,europe,2024,1.375,22.0,1.0,0.412,26.4,eucast_clsi_surveillance,breakpoint_surveillance_2024
pseudomonas_aeruginosa,ciprofloxacin,asia,2024,1.625,26.0,1.0,0.487,31.2,eucast_clsi_surveillance,breakpoint_surveillance_2024
pseudomonas_aeruginosa,ciprofloxacin,africa,2024,1.75,28.0,1.0,0.525,33.6,eucast_clsi_surveillance,breakpoint_surveillance_2024
pseudomonas_aeruginosa,ciprofloxacin,south_america,2024,1.5,24.0,1.0,0.45,28.8,eucast_clsi_surveillance,breakpoint_surveillance_2024
pseudomonas_aeruginosa,ciprofloxacin,oceania,2024,1.188,19.0,1.0,0.356,22.8,eucast_clsi_surveillance,breakpoint_surveillance_2024
pseudomonas_aeruginosa,colistin,north_america,2019,1.0,4.0,4.0,0.3,4.8,eucast_clsi_surveillance,breakpoint_surveillance_2019
pseudomonas_aeruginosa,colistin,europe,2019,1.1,4.4,4.0,0.33,5.28,eucast_clsi_surveillance,breakpoint_surveillance_2019
pseudomonas_aeruginosa,colistin,asia,2019,1.3,5.2,4.0,0.39,6.24,eucast_clsi_surveillance,breakpoint_surveillance_2019
pseudomonas_aeruginosa,colistin,africa,2019,1.4,5.6,4.0,0.42,6.72,eucast_clsi_surveillance,breakpoint_surveillance_2019
pseudomonas_aeruginosa,colistin,south_america,2019,1.2,4.8,4.0,0.36,5.76,eucast_clsi_surveillance,breakpoint_surveillance_2019
pseudomonas_aeruginosa,colistin,oceania,2019,0.95,3.8,4.0,0.285,4.56,eucast_clsi_surveillance,breakpoint_surveillance_2019
pseudomonas_aeruginosa,colistin,north_america,2020,1.05,4.2,4.0,0.315,5.04,eucast_clsi_surveillance,breakpoint_surveillance_2020
pseudomonas_aeruginosa,colistin,europe,2020,1.155,4.62,4.0,0.347,5.544,eucast_clsi_surveillance,breakpoint_surveillance_2020
pseudomonas_aeruginosa,colistin,asia,2020,1.365,5.46,4.0,0.41,6.552,eucast_clsi_surveillance,breakpoint_surveillance_2020
pseudomonas_aeruginosa,colistin,africa,2020,1.47,5.88,4.0,0.441,7.056,eucast_clsi_surveillance,breakpoint_surveillance_2020
pseudomonas_aeruginosa,colistin,south_america,2020,1.26,5.04,4.0,0.378,6.048,eucast_clsi_surveillance,breakpoint_surveillance_2020
pseudomonas_aeruginosa,colistin,oceania,2020,0.997,3.99,4.0,0.299,4.788,eucast_clsi_surveillance,breakpoint_surveillance_2020
pseudomonas_aeruginosa,colistin,north_america,2021,1.1,4.4,4.0,0.33,5.28,eucast_clsi_surveillance,breakpoint_surveillance_2021
pseudomonas_aeruginosa,colistin,europe,2021,1.21,4.84,4.0,0.363,5.808,eucast_clsi_surveillance,breakpoint_surveillance_2021
pseudomonas_aeruginosa,colistin,asia,2021,1.43,5.72,4.0,0.429,6.864,eucast_clsi_surveillance,breakpoint_surveillance_2021
pseudomonas_aeruginosa,colistin,africa,2021,1.54,6.16,4.0,0.462,7.392,eucast_clsi_surveillance,breakpoint_surveillance_2021
pseudomonas_aeruginosa,colistin,south_america,2021,1.32,5.28,4.0,0.396,6.336,eucast_clsi_surveillance,breakpoint_surveillance_2021
pseudomonas_aeruginosa,colistin,oceania,2021,1.045,4.18,4.0,0.313,5.016,eucast_clsi_surveillance,breakpoint_surveillance_2021
pseudomonas_aeruginosa,colistin,north_america,2022,1.15,4.6,4.0,0.345,5.52,eucast_clsi_surveillance,breakpoint_surveillance_2022
pseudomonas_aeruginosa,colistin,europe,2022,1.265,5.06,4.0,0.379,6.072,eucast_clsi_surveillance,breakpoint_surveillance_2022
pseudomonas_aeruginosa,colistin,asia,2022,1.495,5.98,4.0,0.448,7.176,eucast_clsi_surveillance,breakpoint_surveillance_2022
pseudomonas_aeruginosa,colistin,africa,2022,1.61,6.44,4.0,0.483,7.728,eucast_clsi_surveillance,breakpoint_surveillance_2022
pseudomonas_aeruginosa,colistin,south_america,2022,1.38,5.52,4.0,0.414,6.624,eucast_clsi_surveillance,breakpoint_surveillance_2022
pseudomonas_aeruginosa,colistin,oceania,2022,1.092,4.37,4.0,0.328,5.244,eucast_clsi_surveillance,breakpoint_surveillance_2022
pseudomonas_aeruginosa,colistin,north_america,2023,1.2,4.8,4.0,0.36,5.76,eucast_clsi_surveillance,breakpoint_surveillance_2023
pseudomonas_aeruginosa,colistin,europe,2023,1.32,5.28,4.0,0.396,6.336,eucast_clsi_surveillance,breakpoint_surveillance_2023
pseudomonas_aeruginosa,colistin,asia,2023,1.56,6.24,4.0,0.468,7.488,eucast_clsi_surveillance,breakpoint_surveillance_2023
pseudomonas_aeruginosa,colistin,africa,2023,1.68,6.72,4.0,0.504,8.064,eucast_clsi_surveillance,breakpoint_surveillance_2023
pseudomonas_aeruginosa,colistin,south_america,2023,1.44,5.76,4.0,0.432,6.912,eucast_clsi_surveillance,breakpoint_surveillance_2023
pseudomonas_aeruginosa,colistin,oceania,2023,1.14,4.56,4.0,0.342,5.472,eucast_clsi_surveillance,breakpoint_surveillance_2023
pseudomonas_aeruginosa,colistin,north_america,2024,1.25,5.0,4.0,0.375,6.0,eucast_clsi_surveillance,breakpoint_surveillance_2024
pseudomonas_aeruginosa,colistin,europe,2024,1.375,5.5,4.0,0.412,6.6,eucast_clsi_surveillance,breakpoint_surveillance_2024
pseudomonas_aeruginosa,colistin,asia,2024,1.625,6.5,4.0,0.487,7.8,eucast_clsi_surveillance,breakpoint_surveillance_2024
pseudomonas_aeruginosa,colistin,africa,2024,1.75,7.0,4.0,0.525,8.4,eucast_clsi_surveillance,breakpoint_surveillance_2024
pseudomonas_aeruginosa,colistin,south_america,2024,1.5,6.0,4.0,0.45,7.2,eucast_clsi_surveillance,breakpoint_surveillance_2024
pseudomonas_aeruginosa,colistin,oceania,2024,1.188,4.75,4.0,0.356,5.7,eucast_clsi_surveillance,breakpoint_surveillance_2024
acinetobacter_baumannii,meropenem,north_america,2019,4.0,256.0,8.0,1.2,307.2,eucast_clsi_surveillance,breakpoint_surveillance_2019
acinetobacter_baumannii,meropenem,europe,2019,4.4,281.6,8.0,1.32,337.92,eucast_clsi_surveillance,breakpoint_surveillance_2019
acinetobacter_baumannii,meropenem,asia,2019,5.2,332.8,8.0,1.56,399.36,eucast_clsi_surveillance,breakpoint_surveillance_2019
acinetobacter_baumannii,meropenem,africa,2019,5.6,358.4,8.0,1.68,430.08,eucast_clsi_surveillance,breakpoint_surveillance_2019
acinetobacter_baumannii,meropenem,south_america,2019,4.8,307.2,8.0,1.44,368.64,eucast_clsi_surveillance,breakpoint_surveillance_2019
acinetobacter_baumannii,meropenem,oceania,2019,3.8,243.2,8.0,1.14,291.84,eucast_clsi_surveillance,breakpoint_surveillance_2019
acinetobacter_baumannii,meropenem,north_america,2020,4.2,268.8,8.0,1.26,322.56,eucast_clsi_surveillance,breakpoint_surveillance_2020
acinetobacter_baumannii,meropenem,europe,2020,4.62,295.68,8.0,1.386,354.816,eucast_clsi_surveillance,breakpoint_surveillance_2020
acinetobacter_baumannii,meropenem,asia,2020,5.46,349.44,8.0,1.638,419.328,eucast_clsi_surveillance,breakpoint_surveillance_2020
acinetobacter_baumannii,meropenem,africa,2020,5.88,376.32,8.0,1.764,451.584,eucast_clsi_surveillance,breakpoint_surveillance_2020
acinetobacter_baumannii,meropenem,south_america,2020,5.04,322.56,8.0,1.512,387.072,eucast_clsi_surveillance,breakpoint_surveillance_2020
acinetobacter_baumannii,meropenem,oceania,2020,3.99,255.36,8.0,1.197,306.432,eucast_clsi_surveillance,breakpoint_surveillance_2020
acinetobacter_baumannii,meropenem,north_america,2021,4.4,281.6,8.0,1.32,337.92,eucast_clsi_surveillance,breakpoint_surveillance_2021
acinetobacter_baumannii,meropenem,europe,2021,4.84,309.76,8.0,1.452,371.712,eucast_clsi_surveillance,breakpoint_surveillance_2021
acinetobacter_baumannii,meropenem,asia,2021,5.72,366.08,8.0,1.716,439.296,eucast_clsi_surveillance,breakpoint_surveillance_2021
acinetobacter_baumannii,meropenem,africa,2021,6.16,394.24,8.0,1.848,473.088,eucast_clsi_surveillance,breakpoint_surveillance_2021
acinetobacter_baumannii,meropenem,south_america,2021,5.28,337.92,8.0,1.584,405.504,eucast_clsi_surveillance,breakpoint_surveillance_2021
acinetobacter_baumannii,meropenem,oceania,2021,4.18,267.52,8.0,1.254,321.024,eucast_clsi_surveillance,breakpoint_surveillance_2021
acinetobacter_baumannii,meropenem,north_america,2022,4.6,294.4,8.0,1.38,353.28,eucast_clsi_surveillance,breakpoint_surveillance_2022
acinetobacter_baumannii,meropenem,europe,2022,5.06,323.84,8.0,1.518,388.608,eucast_clsi_surveillance,breakpoint_surveillance_2022
acinetobacter_baumannii,meropenem,asia,2022,5.98,382.72,8.0,1.794,459.264,eucast_clsi_surveillance,breakpoint_surveillance_2022
acinetobacter_baumannii,meropenem,africa,2022,6.44,412.16,8.0,1.932,494.592,eucast_clsi_surveillance,breakpoint_surveillance_2022
acinetobacter_baumannii,meropenem,south_america,2022,5.52,353.28,8.0,1.656,423.936,eucast_clsi_surveillance,breakpoint_surveillance_2022
acinetobacter_baumannii,meropenem,oceania,2022,4.37,279.68,8.0,1.311,335.616,eucast_clsi_surveillance,breakpoint_surveillance_2022
acinetobacter_baumannii,meropenem,north_america,2023,4.8,307.2,8.0,1.44,368.64,eucast_clsi_surveillance,breakpoint_surveillance_2023
acinetobacter_baumannii,meropenem,europe,2023,5.28,337.92,8.0,1.584,405.504,eucast_clsi_surveillance,breakpoint_surveillance_2023
acinetobacter_baumannii,meropenem,asia,2023,6.24,399.36,8.0,1.872,479.232,eucast_clsi_surveillance,breakpoint_surveillance_2023
acinetobacter_baumannii,meropenem,africa,2023,6.72,430.08,8.0,2.016,516.096,eucast_clsi_surveillance,breakpoint_surveillance_2023
acinetobacter_baumannii,meropenem,south_america,2023,5.76,368.64,8.0,1.728,442.368,eucast_clsi_surveillance,breakpoint_surveillance_2023
acinetobacter_baumannii,meropenem,oceania,2023,4.56,291.84,8.0,1.368,350.208,eucast_clsi_surveillance,breakpoint_surveillance_2023
acinetobacter_baumannii,meropenem,north_america,2024,5.0,320.0,8.0,1.5,384.0,eucast_clsi_surveillance,breakpoint_surveillance_2024
acinetobacter_baumannii,meropenem,europe,2024,5.5,352.0,8.0,1.65,422.4,eucast_clsi_surveillance,breakpoint_surveillance_2024
acinetobacter_baumannii,meropenem,asia,2024,6.5,416.0,8.0,1.95,499.2,eucast_clsi_surveillance,breakpoint_surveillance_2024
acinetobacter_baumannii,meropenem,africa,2024,7.0,448.0,8.0,2.1,537.6,eucast_clsi_surveillance,breakpoint_surveillance_2024
acinetobacter_baumannii,meropenem,south_america,2024,6.0,384.0,8.0,1.8,460.8,eucast_clsi_surveillance,breakpoint_surveillance_2024
acinetobacter_baumannii,meropenem,oceania,2024,4.75,304.0,8.0,1.425,364.8,eucast_clsi_surveillance,breakpoint_surveillance_2024
acinetobacter_baumannii,colistin,north_america,2019,0.5,2.0,2.0,0.15,2.4,eucast_clsi_surveillance,breakpoint_surveillance_2019
acinetobacter_baumannii,colistin,europe,2019,0.55,2.2,2.0,0.165,2.64,eucast_clsi_surveillance,breakpoint_surveillance_2019
acinetobacter_baumannii,colistin,asia,2019,0.65,2.6,2.0,0.195,3.12,eucast_clsi_surveillance,breakpoint_surveillance_2019
acinetobacter_baumannii,colistin,africa,2019,0.7,2.8,2.0,0.21,3.36,eucast_clsi_surveillance,breakpoint_surveillance_2019
acinetobacter_baumannii,colistin,south_america,2019,0.6,2.4,2.0,0.18,2.88,eucast_clsi_surveillance,breakpoint_surveillance_2019
acinetobacter_baumannii,colistin,oceania,2019,0.475,1.9,2.0,0.142,2.28,eucast_clsi_surveillance,breakpoint_surveillance_2019
acinetobacter_baumannii,colistin,north_america,2020,0.525,2.1,2.0,0.158,2.52,eucast_clsi_surveillance,breakpoint_surveillance_2020
acinetobacter_baumannii,colistin,europe,2020,0.578,2.31,2.0,0.173,2.772,eucast_clsi_surveillance,breakpoint_surveillance_2020
acinetobacter_baumannii,colistin,asia,2020,0.683,2.73,2.0,0.205,3.276,eucast_clsi_surveillance,breakpoint_surveillance_2020
acinetobacter_baumannii,colistin,africa,2020,0.735,2.94,2.0,0.221,3.528,eucast_clsi_surveillance,breakpoint_surveillance_2020
acinetobacter_baumannii,colistin,south_america,2020,0.63,2.52,2.0,0.189,3.024,eucast_clsi_surveillance,breakpoint_surveillance_2020
acinetobacter_baumannii,colistin,oceania,2020,0.499,1.995,2.0,0.15,2.394,eucast_clsi_surveillance,breakpoint_surveillance_2020
acinetobacter_baumannii,colistin,north_america,2021,0.55,2.2,2.0,0.165,2.64,eucast_clsi_surveillance,breakpoint_surveillance_2021
acinetobacter_baumannii,colistin,europe,2021,0.605,2.42,2.0,0.182,2.904,eucast_clsi_surveillance,breakpoint_surveillance_2021
acinetobacter_baumannii,colistin,asia,2021,0.715,2.86,2.0,0.215,3.432,eucast_clsi_surveillance,breakpoint_surveillance_2021
acinetobacter_baumannii,colistin,africa,2021,0.77,3.08,2.0,0.231,3.696,eucast_clsi_surveillance,breakpoint_surveillance_2021
acinetobacter_baumannii,colistin,south_america,2021,0.66,2.64,2.0,0.198,3.168,eucast_clsi_surveillance,breakpoint_surveillance_2021
acinetobacter_baumannii,colistin,oceania,2021,0.522,2.09,2.0,0.157,2.508,eucast_clsi_surveillance,breakpoint_surveillance_2021
acinetobacter_baumannii,colistin,north_america,2022,0.575,2.3,2.0,0.172,2.76,eucast_clsi_surveillance,breakpoint_surveillance_2022
acinetobacter_baumannii,colistin,europe,2022,0.632,2.53,2.0,0.19,3.036,eucast_clsi_surveillance,breakpoint_surveillance_2022
acinetobacter_baumannii,colistin,asia,2022,0.747,2.99,2.0,0.224,3.588,eucast_clsi_surveillance,breakpoint_surveillance_2022
acinetobacter_baumannii,colistin,africa,2022,0.805,3.22,2.0,0.241,3.864,eucast_clsi_surveillance,breakpoint_surveillance_2022
acinetobacter_baumannii,colistin,south_america,2022,0.69,2.76,2.0,0.207,3.312,eucast_clsi_surveillance,breakpoint_surveillance_2022
acinetobacter_baumannii,colistin,oceania,2022,0.546,2.185,2.0,0.164,2.622,eucast_clsi_surveillance,breakpoint_surveillance_2022
acinetobacter_baumannii,colistin,north_america,2023,0.6,2.4,2.0,0.18,2.88,eucast_clsi_surveillance,breakpoint_surveillance_2023
acinetobacter_baumannii,colistin,europe,2023,0.66,2.64,2.0,0.198,3.168,eucast_clsi_surveillance,breakpoint_surveillance_2023
acinetobacter_baumannii,colistin,asia,2023,0.78,3.12,2.0,0.234,3.744,eucast_clsi_surveillance,breakpoint_surveillance_2023
acinetobacter_baumannii,colistin,africa,2023,0.84,3.36,2.0,0.252,4.032,eucast_clsi_surveillance,breakpoint_surveillance_2023
acinetobacter_baumannii,colistin,south_america,2023,0.72,2.88,2.0,0.216,3.456,eucast_clsi_surveillance,breakpoint_surveillance_2023
acinetobacter_baumannii,colistin,oceania,2023,0.57,2.28,2.0,0.171,2.736,eucast_clsi_surveillance,breakpoint_surveillance_2023
acinetobacter_baumannii,colistin,north_america,2024,0.625,2.5,2.0,0.188,3.0,eucast_clsi_surveillance,breakpoint_surveillance_2024
acinetobacter_baumannii,colistin,europe,2024,0.688,2.75,2.0,0.206,3.3,eucast_clsi_surveillance,breakpoint_surveillance_2024
acinetobacter_baumannii,colistin,asia,2024,0.812,3.25,2.0,0.244,3.9,eucast_clsi_surveillance,breakpoint_surveillance_2024
acinetobacter_baumannii,colistin,africa,2024,0.875,3.5,2.0,0.263,4.2,eucast_clsi_surveillance,breakpoint_surveillance_2024
acinetobacter_baumannii,colistin,south_america,2024,0.75,3.0,2.0,0.225,3.6,eucast_clsi_surveillance,breakpoint_surveillance_2024
acinetobacter_baumannii,colistin,oceania,2024,0.594,2.375,2.0,0.178,2.85,eucast_clsi_surveillance,breakpoint_surveillance_2024
acinetobacter_baumannii,tigecycline,north_america,2019,1.0,4.0,2.0,0.3,4.8,eucast_clsi_surveillance,breakpoint_surveillance_2019
acinetobacter_baumannii,tigecycline,europe,2019,1.1,4.4,2.0,0.33,5.28,eucast_clsi_surveillance,breakpoint_surveillance_2019
acinetobacter_baumannii,tigecycline,asia,2019,1.3,5.2,2.0,0.39,6.24,eucast_clsi_surveillance,breakpoint_surveillance_2019
acinetobacter_baumannii,tigecycline,africa,2019,1.4,5.6,2.0,0.42,6.72,eucast_clsi_surveillance,breakpoint_surveillance_2019
acinetobacter_baumannii,tigecycline,south_america,2019,1.2,4.8,2.0,0.36,5.76,eucast_clsi_surveillance,breakpoint_surveillance_2019
acinetobacter_baumannii,tigecycline,oceania,2019,0.95,3.8,2.0,0.285,4.56,eucast_clsi_surveillance,breakpoint_surveillance_2019
acinetobacter_baumannii,tigecycline,north_america,2020,1.05,4.2,2.0,0.315,5.04,eucast_clsi_surveillance,breakpoint_surveillance_2020
acinetobacter_baumannii,tigecycline,europe,2020,1.155,4.62,2.0,0.347,5.544,eucast_clsi_surveillance,breakpoint_surveillance_2020
acinetobacter_baumannii,tigecycline,asia,2020,1.365,5.46,2.0,0.41,6.552,eucast_clsi_surveillance,breakpoint_surveillance_2020
acinetobacter_baumannii,tigecycline,africa,2020,1.47,5.88,2.0,0.441,7.056,eucast_clsi_surveillance,breakpoint_surveillance_2020
acinetobacter_baumannii,tigecycline,south_america,2020,1.26,5.04,2.0,0.378,6.048,eucast_clsi_surveillance,breakpoint_surveillance_2020
acinetobacter_baumannii,tigecycline,oceania,2020,0.997,3.99,2.0,0.299,4.788,eucast_clsi_surveillance,breakpoint_surveillance_2020
acinetobacter_baumannii,tigecycline,north_america,2021,1.1,4.4,2.0,0.33,5.28,eucast_clsi_surveillance,breakpoint_surveillance_2021
acinetobacter_baumannii,tigecycline,europe,2021,1.21,4.84,2.0,0.363,5.808,eucast_clsi_surveillance,breakpoint_surveillance_2021
acinetobacter_baumannii,tigecycline,asia,2021,1.43,5.72,2.0,0.429,6.864,eucast_clsi_surveillance,breakpoint_surveillance_2021
acinetobacter_baumannii,tigecycline,africa,2021,1.54,6.16,2.0,0.462,7.392,eucast_clsi_surveillance,breakpoint_surveillance_2021
acinetobacter_baumannii,tigecycline,south_america,2021,1.32,5.28,2.0,0.396,6.336,eucast_clsi_surveillance,breakpoint_surveillance_2021
acinetobacter_baumannii,tigecycline,oceania,2021,1.045,4.18,2.0,0.313,5.016,eucast_clsi_surveillance,breakpoint_surveillance_2021
acinetobacter_baumannii,tigecycline,north_america,2022,1.15,4.6,2.0,0.345,5.52,eucast_clsi_surveillance,breakpoint_surveillance_2022
acinetobacter_baumannii,tigecycline,europe,2022,1.265,5.06,2.0,0.379,6.072,eucast_clsi_surveillance,breakpoint_surveillance_2022
acinetobacter_baumannii,tigecycline,asia,2022,1.495,5.98,2.0,0.448,7.176,eucast_clsi_surveillance,breakpoint_surveillance_2022
acinetobacter_baumannii,tigecycline,africa,2022,1.61,6.44,2.0,0.483,7.728,eucast_clsi_surveillance,breakpoint_surveillance_2022
acinetobacter_baumannii,tigecycline,south_america,2022,1.38,5.52,2.0,0.414,6.624,eucast_clsi_surveillance,breakpoint_surveillance_2022
acinetobacter_baumannii,tigecycline,oceania,2022,1.092,4.37,2.0,0.328,5.244,eucast_clsi_surveillance,breakpoint_surveillance_2022
acinetobacter_baumannii,tigecycline,north_america,2023,1.2,4.8,2.0,0.36,5.76,eucast_clsi_surveillance,breakpoint_surveillance_2023
acinetobacter_baumannii,tigecycline,europe,2023,1.32,5.28,2.0,0.396,6.336,eucast_clsi_surveillance,breakpoint_surveillance_2023
acinetobacter_baumannii,tigecycline,asia,2023,1.56,6.24,2.0,0.468,7.488,eucast_clsi_surveillance,breakpoint_surveillance_2023
acinetobacter_baumannii,tigecycline,africa,2023,1.68,6.72,2.0,0.504,8.064,eucast_clsi_surveillance,breakpoint_surveillance_2023
acinetobacter_baumannii,tigecycline,south_america,2023,1.44,5.76,2.0,0.432,6.912,eucast_clsi_surveillance,breakpoint_surveillance_2023
acinetobacter_baumannii,tigecycline,oceania,2023,1.14,4.56,2.0,0.342,5.472,eucast_clsi_surveillance,breakpoint_surveillance_2023
acinetobacter_baumannii,tigecycline,north_america,2024,1.25,5.0,2.0,0.375,6.0,eucast_clsi_surveillance,breakpoint_surveillance_2024
acinetobacter_baumannii,tigecycline,europe,2024,1.375,5.5,2.0,0.412,6.6,eucast_clsi_surveillance,breakpoint_surveillance_2024
acinetobacter_baumannii,tigecycline,asia,2024,1.625,6.5,2.0,0.487,7.8,eucast_clsi_surveillance,breakpoint_surveillance_2024
acinetobacter_baumannii,tigecycline,africa,2024,1.75,7.0,2.0,0.525,8.4,eucast_clsi_surveillance,breakpoint_surveillance_2024
acinetobacter_baumannii,tigecycline,south_america,2024,1.5,6.0,2.0,0.45,7.2,eucast_clsi_surveillance,breakpoint_surveillance_2024
acinetobacter_baumannii,tigecycline,oceania,2024,1.188,4.75,2.0,0.356,5.7,eucast_clsi_surveillance,breakpoint_surveillance_2024
